{"stats":{"minecraft:broken":{"minecraft:iron_shovel":1,"minecraft:iron_axe":1,"minecraft:iron_pickaxe":1,"minecraft:wooden_hoe":1},"minecraft:used":{"minecraft:peony":7,"minecraft:iron_shovel":250,"minecraft:axolotl_spawn_egg":7,"minecraft:spruce_slab":12,"minecraft:ladder":7,"minecraft:elytra":22,"minecraft:chest":7,"minecraft:iron_sword":142,"minecraft:rotten_flesh":5,"minecraft:nether_bricks":16,"minecraft:axolotl_bucket":1,"minecraft:obsidian":62,"minecraft:spruce_boat":20,"minecraft:glass":228,"minecraft:villager_spawn_egg":2,"minecraft:stone_brick_stairs":9,"minecraft:stone_bricks":16,"minecraft:bow":654,"minecraft:furnace":6,"minecraft:egg":11,"minecraft:dragon_head":1,"minecraft:mossy_stone_bricks":30,"minecraft:diorite":8,"minecraft:end_rod":4,"minecraft:end_stone_bricks":225,"minecraft:diamond_boots":1,"minecraft:stone_pickaxe":149,"minecraft:oak_planks":26,"minecraft:ender_pearl":37,"minecraft:wooden_pickaxe":21,"minecraft:composter":4,"minecraft:sugar_cane":13,"minecraft:diamond_axe":1196,"minecraft:blue_bed":14,"minecraft:golden_apple":48,"minecraft:mushroom_stew":4,"minecraft:blast_furnace":1,"minecraft:crossbow":3,"minecraft:end_stone":1,"minecraft:firework_rocket":128,"minecraft:bread":91,"minecraft:lectern":1,"minecraft:gravel":7,"minecraft:diamond_sword":604,"minecraft:grindstone":1,"minecraft:smithing_table":1,"minecraft:andesite":15,"minecraft:bone_meal":16,"minecraft:oak_trapdoor":7,"minecraft:enchanting_table":1,"minecraft:acacia_log":1,"minecraft:flint_and_steel":6,"minecraft:spruce_planks":298,"minecraft:netherrack":789,"minecraft:torch":74,"minecraft:brewing_stand":1,"minecraft:dirt":334,"minecraft:anvil":1,"minecraft:hopper":4,"minecraft:shulker_box":3,"minecraft:salmon_bucket":1,"minecraft:spruce_fence":38,"minecraft:bookshelf":17,"minecraft:iron_axe":320,"minecraft:totem_of_undying":4,"minecraft:diamond_chestplate":21,"minecraft:podzol":1,"minecraft:cooked_beef":3,"minecraft:cobbled_deepslate":36,"minecraft:pumpkin":1,"minecraft:wheat_seeds":60,"minecraft:cooked_mutton":3,"minecraft:water_bucket":75,"minecraft:spruce_chest_boat":2,"minecraft:spruce_sign":5,"minecraft:stonecutter":1,"minecraft:fletching_table":6,"minecraft:spruce_fence_gate":4,"minecraft:cracked_stone_bricks":1,"minecraft:salmon":1,"minecraft:mossy_cobblestone":1,"minecraft:crafting_table":7,"minecraft:red_mushroom":5,"minecraft:white_bed":4,"minecraft:spruce_log":7,"minecraft:warped_planks":64,"minecraft:wooden_hoe":104,"minecraft:ender_eye":23,"minecraft:diamond_pickaxe":3680,"minecraft:diamond_shovel":67,"minecraft:iron_pickaxe":450,"minecraft:spruce_trapdoor":6,"minecraft:spruce_sapling":2,"minecraft:stone_axe":45,"minecraft:cobblestone":214,"minecraft:potion":1,"minecraft:purple_bed":10,"minecraft:white_banner":2,"minecraft:cooked_porkchop":6,"minecraft:bucket":78,"minecraft:diamond_leggings":1},"minecraft:killed_by":{"minecraft:creeper":1,"minecraft:vindicator":1,"minecraft:zombie":1,"minecraft:iron_golem":2,"minecraft:ender_dragon":1},"minecraft:custom":{"minecraft:animals_bred":1,"minecraft:interact_with_crafting_table":97,"minecraft:open_shulker_box":30,"minecraft:bell_ring":22,"minecraft:leave_game":10,"minecraft:time_since_death":239135,"minecraft:sprint_one_cm":871791,"minecraft:drop":468,"minecraft:talked_to_villager":96,"minecraft:play_time":915294,"minecraft:deaths":6,"minecraft:jump":9447,"minecraft:walk_on_water_one_cm":33984,"minecraft:enchant_item":78,"minecraft:interact_with_furnace":181,"minecraft:traded_with_villager":416,"minecraft:sleep_in_bed":29,"minecraft:open_enderchest":2,"minecraft:damage_dealt":53550,"minecraft:player_kills":2,"minecraft:crouch_one_cm":97285,"minecraft:horse_one_cm":3404,"minecraft:mob_kills":344,"minecraft:interact_with_anvil":18,"minecraft:inspect_hopper":23,"minecraft:climb_one_cm":21331,"minecraft:walk_one_cm":1925369,"minecraft:sneak_time":27000,"minecraft:walk_under_water_one_cm":16510,"minecraft:boat_one_cm":170362,"minecraft:total_world_time":915294,"minecraft:raid_trigger":1,"minecraft:interact_with_grindstone":38,"minecraft:interact_with_stonecutter":7,"minecraft:time_since_rest":78134,"minecraft:damage_taken":11874,"minecraft:damage_absorbed":1507,"minecraft:swim_one_cm":31571,"minecraft:fly_one_cm":1605658,"minecraft:open_chest":363,"minecraft:aviate_one_cm":4239907,"minecraft:fall_one_cm":230284},"minecraft:mined":{"minecraft:dragon_wall_head":2,"minecraft:spruce_planks":108,"minecraft:white_bed":1,"minecraft:cobblestone_stairs":18,"minecraft:brewing_stand":3,"minecraft:obsidian":54,"minecraft:spruce_trapdoor":69,"minecraft:granite":9,"minecraft:acacia_log":1,"minecraft:grass_block":93,"minecraft:purpur_slab":3,"minecraft:composter":1,"minecraft:crimson_fungus":1,"minecraft:spawner":3,"minecraft:cobbled_deepslate":1,"minecraft:iron_ore":80,"minecraft:fire":29,"minecraft:pumpkin":2,"minecraft:fletching_table":4,"minecraft:deepslate_lapis_ore":14,"minecraft:dirt_path":35,"minecraft:iron_bars":12,"minecraft:end_stone_bricks":6,"minecraft:spruce_slab":4,"minecraft:brown_mushroom":5,"minecraft:blackstone":34,"minecraft:crimson_nylium":24,"minecraft:purpur_stairs":1,"minecraft:torch":10,"minecraft:poppy":2,"minecraft:chest":2,"minecraft:mushroom_stem":23,"minecraft:spruce_wall_sign":2,"minecraft:nether_quartz_ore":31,"minecraft:glass":13,"minecraft:cobblestone":475,"minecraft:oak_planks":13,"minecraft:sugar_cane":20,"minecraft:iron_door":3,"minecraft:wall_torch":9,"minecraft:warped_nylium":44,"minecraft:wheat":1,"minecraft:warped_fungus":1,"minecraft:stone_brick_stairs":9,"minecraft:smooth_stone_slab":2,"minecraft:infested_mossy_stone_bricks":2,"minecraft:oak_log":93,"minecraft:sand":5,"minecraft:dirt":443,"minecraft:red_mushroom_block":192,"minecraft:netherrack":1414,"minecraft:oak_leaves":62,"minecraft:deepslate":398,"minecraft:infested_deepslate":2,"minecraft:nether_gold_ore":13,"minecraft:red_carpet":3,"minecraft:tuff":40,"minecraft:mossy_cobblestone":51,"minecraft:deepslate_diamond_ore":65,"minecraft:end_stone":253,"minecraft:nether_bricks":16,"minecraft:ladder":1,"minecraft:dark_oak_fence":4,"minecraft:spruce_fence":14,"minecraft:crimson_roots":3,"minecraft:spruce_leaves":169,"minecraft:red_mushroom":8,"minecraft:large_fern":45,"minecraft:hay_block":1,"minecraft:oak_trapdoor":1,"minecraft:furnace":4,"minecraft:nether_sprouts":3,"minecraft:andesite":77,"minecraft:stripped_spruce_log":4,"minecraft:peony":2,"minecraft:bookshelf":167,"minecraft:shroomlight":4,"minecraft:warped_stem":21,"minecraft:chorus_plant":1,"minecraft:stone":502,"minecraft:bone_block":18,"minecraft:glass_pane":23,"minecraft:infested_stone_bricks":7,"minecraft:basalt":212,"minecraft:spruce_door":10,"minecraft:crafting_table":7,"minecraft:short_grass":31,"minecraft:warped_roots":8,"minecraft:campfire":1,"minecraft:purpur_pillar":3,"minecraft:deepslate_gold_ore":39,"minecraft:lapis_ore":20,"minecraft:blue_bed":12,"minecraft:diorite":67,"minecraft:warped_wart_block":4,"minecraft:spruce_stairs":6,"minecraft:purple_bed":9,"minecraft:cobblestone_wall":9,"minecraft:sweet_berry_bush":23,"minecraft:spruce_log":608,"minecraft:birch_leaves":6,"minecraft:coal_ore":65,"minecraft:end_rod":7,"minecraft:gravel":51,"minecraft:cobweb":22,"minecraft:cracked_stone_bricks":11,"minecraft:stone_bricks":37,"minecraft:spruce_fence_gate":2,"minecraft:mossy_stone_bricks":32,"minecraft:gold_ore":16,"minecraft:fern":59},"minecraft:dropped":{"minecraft:iron_sword":2,"minecraft:warped_stem":4,"minecraft:brown_mushroom":2,"minecraft:diamond_axe":3,"minecraft:warped_fungus":1,"minecraft:chorus_fruit":7,"minecraft:glass_bottle":1,"minecraft:diamond":8,"minecraft:crafting_table":3,"minecraft:crossbow":3,"minecraft:warped_roots":16,"minecraft:saddle":4,"minecraft:purpur_stairs":1,"minecraft:elytra":1,"minecraft:flint":2,"minecraft:cobblestone_stairs":15,"minecraft:dirt":10,"minecraft:dark_oak_log":3,"minecraft:mutton":5,"minecraft:crimson_roots":4,"minecraft:sand":2,"minecraft:bone":32,"minecraft:gravel":1,"minecraft:crimson_fungus":1,"minecraft:stone_axe":21,"minecraft:blackstone":54,"minecraft:golden_chestplate":1,"minecraft:wheat":1,"minecraft:rotten_flesh":34,"minecraft:oak_planks":12,"minecraft:diamond_shovel":1,"minecraft:salmon":45,"minecraft:carrot":1,"minecraft:shulker_shell":8,"minecraft:charcoal":2,"minecraft:beetroot_seeds":4,"minecraft:melon_seeds":4,"minecraft:white_dye":1,"minecraft:basalt":76,"minecraft:end_stone_bricks":2,"minecraft:warped_wart_block":8,"minecraft:quartz":20,"minecraft:stone_brick_stairs":8,"minecraft:netherrack":450,"minecraft:firework_rocket":2,"minecraft:iron_ingot":43,"minecraft:bread":417,"minecraft:golden_helmet":1,"minecraft:mossy_cobblestone":4,"minecraft:diamond_leggings":1,"minecraft:purpur_slab":3,"minecraft:iron_helmet":10,"minecraft:cobblestone":116,"minecraft:spruce_door":8,"minecraft:spruce_stairs":4,"minecraft:chainmail_helmet":12,"minecraft:golden_apple":50,"minecraft:coal":46,"minecraft:end_rod":3,"minecraft:stick":76,"minecraft:brewing_stand":2,"minecraft:torch":6,"minecraft:iron_door":1,"minecraft:diamond_helmet":1,"minecraft:potion":1,"minecraft:pumpkin":1,"minecraft:white_banner":3,"minecraft:iron_axe":5,"minecraft:chainmail_leggings":12,"minecraft:string":4,"minecraft:spruce_sapling":8,"minecraft:purpur_pillar":3,"minecraft:warped_nylium":9,"minecraft:dragon_head":2,"minecraft:stone_sword":2,"minecraft:cobblestone_wall":3,"minecraft:smooth_stone_slab":4,"minecraft:diamond_hoe":5,"minecraft:tuff":3,"minecraft:ender_eye":1,"minecraft:spruce_fence":1,"minecraft:diamond_sword":1,"minecraft:shroomlight":4,"minecraft:diamond_chestplate":1,"minecraft:peony":3,"minecraft:spruce_trapdoor":44,"minecraft:spruce_planks":173,"minecraft:diamond_pickaxe":2,"minecraft:andesite":7,"minecraft:spider_eye":3,"minecraft:spruce_log":54,"minecraft:diamond_boots":2,"minecraft:stone_pickaxe":2},"minecraft:crafted":{"minecraft:grindstone":1,"minecraft:smooth_stone":6,"minecraft:oak_planks":72,"minecraft:chainmail_helmet":12,"minecraft:blaze_powder":18,"minecraft:stone":141,"minecraft:diamond_shovel":1,"minecraft:bookshelf":5,"minecraft:shulker_box":3,"minecraft:warped_planks":64,"minecraft:glass":217,"minecraft:hopper":4,"minecraft:diamond_helmet":2,"minecraft:diamond_leggings":2,"minecraft:bow":4,"minecraft:iron_boots":1,"minecraft:chest":14,"minecraft:ender_eye":17,"minecraft:stone_bricks":6,"minecraft:emerald":300,"minecraft:diamond_axe":4,"minecraft:crafting_table":4,"minecraft:spruce_planks":1248,"minecraft:wooden_pickaxe":1,"minecraft:iron_helmet":11,"minecraft:smithing_table":1,"minecraft:fletching_table":1,"minecraft:spruce_chest_boat":2,"minecraft:apple":24,"minecraft:spruce_trapdoor":6,"minecraft:iron_chestplate":1,"minecraft:wooden_hoe":2,"minecraft:diamond_pickaxe":3,"minecraft:stick":8772,"minecraft:stone_slab":6,"minecraft:iron_ingot":76,"minecraft:iron_pickaxe":2,"minecraft:gold_ingot":59,"minecraft:composter":3,"minecraft:spruce_fence_gate":2,"minecraft:smooth_stone_slab":198,"minecraft:iron_nugget":21,"minecraft:diamond_hoe":3,"minecraft:furnace":3,"minecraft:blast_furnace":1,"minecraft:mushroom_stew":4,"minecraft:bone_meal":87,"minecraft:spruce_fence":42,"minecraft:end_stone_bricks":248,"minecraft:flint_and_steel":2,"minecraft:iron_axe":4,"minecraft:ladder":3,"minecraft:spruce_slab":36,"minecraft:stone_pickaxe":2,"minecraft:diamond_boots":2,"minecraft:spruce_boat":4,"minecraft:chainmail_leggings":12,"minecraft:wheat":9,"minecraft:cooked_beef":3,"minecraft:diamond_sword":5,"minecraft:spruce_sign":3,"minecraft:enchanting_table":1,"minecraft:iron_sword":2,"minecraft:bowl":4,"minecraft:bucket":2,"minecraft:stone_axe":11,"minecraft:bread":259,"minecraft:air":0,"minecraft:white_wool":6,"minecraft:golden_apple":7,"minecraft:white_dye":4,"minecraft:iron_shovel":1,"minecraft:stonecutter":1,"minecraft:iron_leggings":1,"minecraft:white_bed":3,"minecraft:acacia_planks":4000,"minecraft:torch":20,"minecraft:diamond_chestplate":2,"minecraft:firework_rocket":30},"minecraft:killed":{"minecraft:zombified_piglin":1,"minecraft:witch":8,"minecraft:spider":9,"minecraft:shulker":17,"minecraft:skeleton":9,"minecraft:axolotl":5,"minecraft:silverfish":6,"minecraft:cat":2,"minecraft:magma_cube":2,"minecraft:piglin":8,"minecraft:pig":1,"minecraft:zombie_villager":2,"minecraft:iron_golem":4,"minecraft:ender_dragon":1,"minecraft:creeper":5,"minecraft:sheep":3,"minecraft:pillager":79,"minecraft:zombie":54,"minecraft:stray":4,"minecraft:blaze":7,"minecraft:cow":4,"minecraft:evoker":7,"minecraft:vex":11,"minecraft:vindicator":19,"minecraft:endermite":1,"minecraft:ravager":5,"minecraft:wither_skeleton":6,"minecraft:villager":2,"minecraft:enderman":27},"minecraft:picked_up":{"minecraft:shulker_shell":8,"minecraft:wheat":1,"minecraft:potion":5,"minecraft:stone_brick_stairs":17,"minecraft:brewing_stand":3,"minecraft:string":32,"minecraft:smooth_stone_slab":4,"minecraft:shroomlight":4,"minecraft:gold_nugget":39,"minecraft:cobbled_deepslate":358,"minecraft:spruce_planks":144,"minecraft:ender_eye":7,"minecraft:furnace":4,"minecraft:golden_helmet":1,"minecraft:stick":89,"minecraft:composter":1,"minecraft:spruce_stairs":4,"minecraft:purpur_pillar":3,"minecraft:torch":82,"minecraft:acacia_log":1,"minecraft:porkchop":4,"minecraft:diorite":95,"minecraft:golden_chestplate":1,"minecraft:stone_sword":2,"minecraft:rotten_flesh":61,"minecraft:end_rod":7,"minecraft:blaze_rod":11,"minecraft:obsidian":52,"minecraft:iron_bars":20,"minecraft:cobblestone":1180,"minecraft:cooked_beef":3,"minecraft:iron_door":1,"minecraft:andesite":83,"minecraft:potato":1,"minecraft:flint":8,"minecraft:tuff":30,"minecraft:lapis_lazuli":230,"minecraft:dirt":585,"minecraft:purple_carpet":3,"minecraft:bone":25,"minecraft:wheat_seeds":17,"minecraft:raw_gold":55,"minecraft:diamond_helmet":1,"minecraft:fletching_table":4,"minecraft:mossy_stone_bricks":30,"minecraft:glowstone_dust":5,"minecraft:oak_planks":16,"minecraft:cooked_porkchop":6,"minecraft:warped_wart_block":8,"minecraft:sand":6,"minecraft:stripped_spruce_log":4,"minecraft:mossy_cobblestone":52,"minecraft:spruce_fence_gate":2,"minecraft:diamond":64,"minecraft:spruce_boat":24,"minecraft:crossbow":3,"minecraft:granite":9,"minecraft:golden_apple":17,"minecraft:bread":118,"minecraft:spruce_sign":2,"minecraft:chainmail_helmet":2,"minecraft:emerald":28,"minecraft:oak_sapling":3,"minecraft:chorus_fruit":7,"minecraft:netherrack":1294,"minecraft:end_stone_bricks":6,"minecraft:crimson_roots":4,"minecraft:diamond_pickaxe":1,"minecraft:charcoal":2,"minecraft:crafting_table":7,"minecraft:ladder":5,"minecraft:brown_mushroom":6,"minecraft:wooden_pickaxe":1,"minecraft:dragon_head":3,"minecraft:oak_trapdoor":1,"minecraft:elytra":2,"minecraft:iron_axe":4,"minecraft:blackstone":86,"minecraft:cracked_stone_bricks":9,"minecraft:beef":8,"minecraft:poppy":3,"minecraft:spruce_slab":4,"minecraft:sugar_cane":36,"minecraft:chest":2,"minecraft:spruce_trapdoor":66,"minecraft:diamond_hoe":3,"minecraft:egg":5,"minecraft:raw_iron":109,"minecraft:end_stone":252,"minecraft:spruce_fence":14,"minecraft:carrot":1,"minecraft:arrow":19,"minecraft:peony":10,"minecraft:nether_bricks":16,"minecraft:purpur_slab":3,"minecraft:hay_block":1,"minecraft:saddle":4,"minecraft:totem_of_undying":7,"minecraft:mutton":5,"minecraft:white_wool":4,"minecraft:bone_block":18,"minecraft:basalt":211,"minecraft:leather":8,"minecraft:red_mushroom":67,"minecraft:crimson_fungus":1,"minecraft:purpur_stairs":1,"minecraft:oak_log":93,"minecraft:gunpowder":12,"minecraft:cobblestone_wall":5,"minecraft:cobblestone_stairs":17,"minecraft:blue_bed":14,"minecraft:white_banner":5,"minecraft:cooked_mutton":3,"minecraft:stone_bricks":34,"minecraft:warped_stem":20,"minecraft:iron_ingot":29,"minecraft:iron_sword":1,"minecraft:book":501,"minecraft:warped_fungus":1,"minecraft:pumpkin":2,"minecraft:sweet_berries":57,"minecraft:quartz":27,"minecraft:gravel":63,"minecraft:spruce_sapling":24,"minecraft:white_bed":2,"minecraft:spruce_log":674,"minecraft:dragon_egg":1,"minecraft:spider_eye":11,"minecraft:spruce_door":10,"minecraft:leather_helmet":1,"minecraft:firework_rocket":2,"minecraft:diamond_shovel":1,"minecraft:purple_bed":10,"minecraft:stone_axe":10,"minecraft:iron_helmet":10,"minecraft:chainmail_leggings":12,"minecraft:diamond_axe":2,"minecraft:gray_wool":2,"minecraft:warped_roots":16,"minecraft:warped_nylium":9,"minecraft:coal":162,"minecraft:ender_pearl":52}},"DataVersion":3700}