{"stats":{"minecraft:broken":{"minecraft:iron_shovel":1,"minecraft:iron_axe":1,"minecraft:iron_pickaxe":1,"minecraft:wooden_hoe":1},"minecraft:picked_up":{"minecraft:shulker_shell":8,"minecraft:wheat":1,"minecraft:potion":4,"minecraft:stone_brick_stairs":17,"minecraft:brewing_stand":3,"minecraft:string":28,"minecraft:smooth_stone_slab":4,"minecraft:shroomlight":4,"minecraft:gold_nugget":39,"minecraft:cobbled_deepslate":358,"minecraft:spruce_planks":74,"minecraft:ender_eye":7,"minecraft:furnace":4,"minecraft:golden_helmet":1,"minecraft:stick":80,"minecraft:composter":1,"minecraft:spruce_stairs":2,"minecraft:acacia_log":1,"minecraft:torch":77,"minecraft:purpur_pillar":3,"minecraft:porkchop":4,"minecraft:diorite":95,"minecraft:golden_chestplate":1,"minecraft:stone_sword":2,"minecraft:rotten_flesh":36,"minecraft:end_rod":7,"minecraft:blaze_rod":11,"minecraft:obsidian":52,"minecraft:iron_bars":20,"minecraft:cobblestone":1078,"minecraft:iron_door":1,"minecraft:andesite":83,"minecraft:potato":1,"minecraft:flint":8,"minecraft:tuff":30,"minecraft:lapis_lazuli":230,"minecraft:dirt":553,"minecraft:purple_carpet":3,"minecraft:bone":21,"minecraft:wheat_seeds":16,"minecraft:raw_gold":55,"minecraft:mossy_stone_bricks":30,"minecraft:fletching_table":4,"minecraft:oak_planks":16,"minecraft:cooked_porkchop":6,"minecraft:warped_wart_block":8,"minecraft:sand":4,"minecraft:stripped_spruce_log":4,"minecraft:mossy_cobblestone":42,"minecraft:spruce_fence_gate":2,"minecraft:diamond":64,"minecraft:spruce_boat":24,"minecraft:granite":9,"minecraft:golden_apple":17,"minecraft:spruce_sign":2,"minecraft:chainmail_helmet":2,"minecraft:bread":118,"minecraft:netherrack":1294,"minecraft:chorus_fruit":7,"minecraft:crimson_roots":4,"minecraft:diamond_pickaxe":1,"minecraft:end_stone_bricks":6,"minecraft:charcoal":2,"minecraft:crafting_table":7,"minecraft:ladder":5,"minecraft:brown_mushroom":4,"minecraft:wooden_pickaxe":1,"minecraft:dragon_head":3,"minecraft:elytra":2,"minecraft:iron_axe":3,"minecraft:blackstone":86,"minecraft:cracked_stone_bricks":9,"minecraft:beef":8,"minecraft:poppy":3,"minecraft:spruce_slab":4,"minecraft:sugar_cane":3,"minecraft:chest":2,"minecraft:spruce_trapdoor":57,"minecraft:diamond_hoe":3,"minecraft:egg":5,"minecraft:raw_iron":109,"minecraft:end_stone":252,"minecraft:spruce_fence":9,"minecraft:carrot":1,"minecraft:arrow":8,"minecraft:peony":10,"minecraft:nether_bricks":16,"minecraft:purpur_slab":3,"minecraft:mutton":5,"minecraft:bone_block":18,"minecraft:white_wool":4,"minecraft:basalt":211,"minecraft:leather":4,"minecraft:red_mushroom":67,"minecraft:crimson_fungus":1,"minecraft:purpur_stairs":1,"minecraft:oak_log":18,"minecraft:cobblestone_wall":5,"minecraft:cobblestone_stairs":16,"minecraft:blue_bed":14,"minecraft:cooked_mutton":3,"minecraft:stone_bricks":34,"minecraft:warped_stem":20,"minecraft:iron_ingot":29,"minecraft:iron_sword":1,"minecraft:book":501,"minecraft:warped_fungus":1,"minecraft:pumpkin":2,"minecraft:sweet_berries":57,"minecraft:quartz":27,"minecraft:gravel":63,"minecraft:spruce_sapling":24,"minecraft:white_bed":2,"minecraft:spruce_log":474,"minecraft:spider_eye":6,"minecraft:spruce_door":7,"minecraft:dragon_egg":1,"minecraft:diamond_shovel":1,"minecraft:purple_bed":10,"minecraft:stone_axe":10,"minecraft:chainmail_leggings":12,"minecraft:iron_helmet":10,"minecraft:diamond_axe":2,"minecraft:gray_wool":2,"minecraft:warped_roots":16,"minecraft:warped_nylium":9,"minecraft:coal":162,"minecraft:ender_pearl":52},"minecraft:custom":{"minecraft:animals_bred":1,"minecraft:interact_with_crafting_table":83,"minecraft:leave_game":8,"minecraft:time_since_death":123093,"minecraft:sprint_one_cm":653367,"minecraft:drop":378,"minecraft:talked_to_villager":93,"minecraft:play_time":643093,"minecraft:deaths":5,"minecraft:jump":7117,"minecraft:walk_on_water_one_cm":29922,"minecraft:enchant_item":78,"minecraft:interact_with_furnace":149,"minecraft:traded_with_villager":416,"minecraft:sleep_in_bed":24,"minecraft:open_enderchest":2,"minecraft:damage_dealt":30348,"minecraft:player_kills":1,"minecraft:crouch_one_cm":83417,"minecraft:mob_kills":139,"minecraft:interact_with_anvil":14,"minecraft:climb_one_cm":20583,"minecraft:walk_one_cm":1489362,"minecraft:sneak_time":21913,"minecraft:walk_under_water_one_cm":13630,"minecraft:boat_one_cm":159714,"minecraft:total_world_time":643093,"minecraft:interact_with_grindstone":38,"minecraft:time_since_rest":4724,"minecraft:damage_absorbed":502,"minecraft:damage_taken":5769,"minecraft:swim_one_cm":29945,"minecraft:fly_one_cm":1230597,"minecraft:open_chest":284,"minecraft:aviate_one_cm":1006282,"minecraft:fall_one_cm":159304},"minecraft:crafted":{"minecraft:grindstone":1,"minecraft:smooth_stone":6,"minecraft:oak_planks":72,"minecraft:chainmail_helmet":12,"minecraft:blaze_powder":18,"minecraft:stone":15,"minecraft:diamond_shovel":1,"minecraft:bookshelf":5,"minecraft:warped_planks":64,"minecraft:glass":217,"minecraft:diamond_helmet":2,"minecraft:diamond_leggings":2,"minecraft:bow":4,"minecraft:iron_boots":1,"minecraft:chest":4,"minecraft:ender_eye":17,"minecraft:emerald":300,"minecraft:diamond_axe":4,"minecraft:crafting_table":3,"minecraft:spruce_planks":820,"minecraft:wooden_pickaxe":1,"minecraft:iron_helmet":11,"minecraft:smithing_table":1,"minecraft:fletching_table":1,"minecraft:apple":24,"minecraft:spruce_trapdoor":6,"minecraft:iron_chestplate":1,"minecraft:wooden_hoe":2,"minecraft:diamond_pickaxe":3,"minecraft:stick":8772,"minecraft:stone_slab":6,"minecraft:iron_ingot":76,"minecraft:iron_pickaxe":2,"minecraft:gold_ingot":59,"minecraft:composter":3,"minecraft:spruce_fence_gate":2,"minecraft:smooth_stone_slab":6,"minecraft:iron_nugget":21,"minecraft:diamond_hoe":3,"minecraft:furnace":3,"minecraft:blast_furnace":1,"minecraft:mushroom_stew":4,"minecraft:bone_meal":87,"minecraft:spruce_fence":42,"minecraft:end_stone_bricks":248,"minecraft:flint_and_steel":2,"minecraft:iron_axe":4,"minecraft:ladder":3,"minecraft:spruce_slab":36,"minecraft:stone_pickaxe":2,"minecraft:diamond_boots":2,"minecraft:spruce_boat":4,"minecraft:chainmail_leggings":12,"minecraft:cooked_beef":3,"minecraft:diamond_sword":5,"minecraft:spruce_sign":3,"minecraft:enchanting_table":1,"minecraft:iron_sword":2,"minecraft:bowl":4,"minecraft:bucket":2,"minecraft:stone_axe":11,"minecraft:bread":254,"minecraft:air":0,"minecraft:white_wool":6,"minecraft:golden_apple":7,"minecraft:white_dye":4,"minecraft:iron_shovel":1,"minecraft:iron_leggings":1,"minecraft:white_bed":3,"minecraft:acacia_planks":4000,"minecraft:torch":20,"minecraft:diamond_chestplate":2,"minecraft:firework_rocket":6},"minecraft:killed":{"minecraft:zombified_piglin":1,"minecraft:spider":6,"minecraft:shulker":17,"minecraft:skeleton":7,"minecraft:silverfish":6,"minecraft:magma_cube":2,"minecraft:piglin":8,"minecraft:pig":1,"minecraft:iron_golem":2,"minecraft:ender_dragon":1,"minecraft:sheep":3,"minecraft:zombie":29,"minecraft:blaze":7,"minecraft:cow":3,"minecraft:endermite":1,"minecraft:wither_skeleton":6,"minecraft:villager":2,"minecraft:enderman":27},"minecraft:mined":{"minecraft:dragon_wall_head":2,"minecraft:spruce_planks":76,"minecraft:white_bed":1,"minecraft:cobblestone_stairs":17,"minecraft:brewing_stand":3,"minecraft:obsidian":54,"minecraft:spruce_trapdoor":63,"minecraft:granite":9,"minecraft:acacia_log":1,"minecraft:grass_block":92,"minecraft:purpur_slab":3,"minecraft:composter":1,"minecraft:crimson_fungus":1,"minecraft:spawner":3,"minecraft:fire":29,"minecraft:iron_ore":80,"minecraft:cobbled_deepslate":1,"minecraft:pumpkin":2,"minecraft:fletching_table":4,"minecraft:deepslate_lapis_ore":14,"minecraft:dirt_path":34,"minecraft:iron_bars":12,"minecraft:end_stone_bricks":6,"minecraft:spruce_slab":4,"minecraft:brown_mushroom":4,"minecraft:blackstone":34,"minecraft:crimson_nylium":24,"minecraft:purpur_stairs":1,"minecraft:torch":10,"minecraft:poppy":2,"minecraft:chest":2,"minecraft:mushroom_stem":23,"minecraft:spruce_wall_sign":2,"minecraft:nether_quartz_ore":31,"minecraft:glass":13,"minecraft:cobblestone":374,"minecraft:oak_planks":13,"minecraft:sugar_cane":1,"minecraft:iron_door":3,"minecraft:wall_torch":9,"minecraft:warped_nylium":44,"minecraft:wheat":1,"minecraft:warped_fungus":1,"minecraft:smooth_stone_slab":2,"minecraft:stone_brick_stairs":9,"minecraft:infested_mossy_stone_bricks":2,"minecraft:oak_log":18,"minecraft:sand":4,"minecraft:dirt":421,"minecraft:red_mushroom_block":192,"minecraft:netherrack":1414,"minecraft:oak_leaves":29,"minecraft:deepslate":398,"minecraft:infested_deepslate":2,"minecraft:nether_gold_ore":13,"minecraft:red_carpet":3,"minecraft:tuff":40,"minecraft:mossy_cobblestone":41,"minecraft:deepslate_diamond_ore":65,"minecraft:end_stone":253,"minecraft:ladder":1,"minecraft:nether_bricks":16,"minecraft:spruce_fence":9,"minecraft:crimson_roots":3,"minecraft:spruce_leaves":148,"minecraft:red_mushroom":8,"minecraft:large_fern":42,"minecraft:furnace":4,"minecraft:nether_sprouts":3,"minecraft:andesite":77,"minecraft:stripped_spruce_log":4,"minecraft:peony":2,"minecraft:bookshelf":167,"minecraft:shroomlight":4,"minecraft:warped_stem":21,"minecraft:chorus_plant":1,"minecraft:stone":502,"minecraft:bone_block":18,"minecraft:glass_pane":19,"minecraft:infested_stone_bricks":7,"minecraft:basalt":212,"minecraft:spruce_door":7,"minecraft:crafting_table":6,"minecraft:short_grass":25,"minecraft:warped_roots":8,"minecraft:campfire":1,"minecraft:purpur_pillar":3,"minecraft:deepslate_gold_ore":39,"minecraft:lapis_ore":20,"minecraft:diorite":67,"minecraft:blue_bed":12,"minecraft:warped_wart_block":4,"minecraft:spruce_stairs":4,"minecraft:purple_bed":9,"minecraft:cobblestone_wall":5,"minecraft:sweet_berry_bush":23,"minecraft:spruce_log":474,"minecraft:birch_leaves":6,"minecraft:coal_ore":65,"minecraft:end_rod":7,"minecraft:gravel":51,"minecraft:cobweb":22,"minecraft:cracked_stone_bricks":11,"minecraft:spruce_fence_gate":2,"minecraft:stone_bricks":37,"minecraft:mossy_stone_bricks":32,"minecraft:gold_ore":16,"minecraft:fern":52},"minecraft:used":{"minecraft:peony":7,"minecraft:iron_shovel":250,"minecraft:spruce_slab":12,"minecraft:ladder":7,"minecraft:elytra":7,"minecraft:chest":5,"minecraft:iron_sword":142,"minecraft:rotten_flesh":5,"minecraft:nether_bricks":16,"minecraft:obsidian":55,"minecraft:spruce_boat":19,"minecraft:glass":228,"minecraft:villager_spawn_egg":2,"minecraft:stone_brick_stairs":9,"minecraft:stone_bricks":16,"minecraft:bow":212,"minecraft:furnace":6,"minecraft:egg":11,"minecraft:dragon_head":1,"minecraft:mossy_stone_bricks":30,"minecraft:diorite":8,"minecraft:end_rod":4,"minecraft:end_stone_bricks":225,"minecraft:diamond_boots":1,"minecraft:stone_pickaxe":149,"minecraft:oak_planks":26,"minecraft:ender_pearl":37,"minecraft:wooden_pickaxe":21,"minecraft:composter":4,"minecraft:sugar_cane":1,"minecraft:diamond_axe":866,"minecraft:blue_bed":14,"minecraft:golden_apple":17,"minecraft:mushroom_stew":4,"minecraft:blast_furnace":1,"minecraft:end_stone":1,"minecraft:firework_rocket":30,"minecraft:bread":62,"minecraft:gravel":7,"minecraft:diamond_sword":290,"minecraft:grindstone":1,"minecraft:smithing_table":1,"minecraft:andesite":15,"minecraft:bone_meal":16,"minecraft:oak_trapdoor":6,"minecraft:enchanting_table":1,"minecraft:acacia_log":1,"minecraft:flint_and_steel":6,"minecraft:spruce_planks":150,"minecraft:netherrack":789,"minecraft:torch":74,"minecraft:brewing_stand":1,"minecraft:dirt":262,"minecraft:anvil":1,"minecraft:salmon_bucket":1,"minecraft:spruce_fence":28,"minecraft:bookshelf":17,"minecraft:iron_axe":320,"minecraft:diamond_chestplate":8,"minecraft:podzol":1,"minecraft:cooked_beef":3,"minecraft:cobbled_deepslate":36,"minecraft:pumpkin":1,"minecraft:wheat_seeds":60,"minecraft:water_bucket":58,"minecraft:spruce_sign":5,"minecraft:fletching_table":6,"minecraft:spruce_fence_gate":4,"minecraft:cracked_stone_bricks":1,"minecraft:mossy_cobblestone":1,"minecraft:crafting_table":6,"minecraft:red_mushroom":5,"minecraft:white_bed":4,"minecraft:spruce_log":4,"minecraft:warped_planks":64,"minecraft:wooden_hoe":104,"minecraft:ender_eye":23,"minecraft:diamond_pickaxe":3558,"minecraft:diamond_shovel":67,"minecraft:iron_pickaxe":450,"minecraft:spruce_trapdoor":6,"minecraft:spruce_sapling":2,"minecraft:stone_axe":45,"minecraft:cobblestone":87,"minecraft:potion":1,"minecraft:purple_bed":10,"minecraft:cooked_porkchop":6,"minecraft:bucket":60,"minecraft:diamond_leggings":1},"minecraft:killed_by":{"minecraft:creeper":1,"minecraft:zombie":1,"minecraft:iron_golem":2,"minecraft:ender_dragon":1},"minecraft:dropped":{"minecraft:iron_sword":2,"minecraft:warped_stem":4,"minecraft:diamond_axe":3,"minecraft:warped_fungus":1,"minecraft:chorus_fruit":7,"minecraft:glass_bottle":1,"minecraft:diamond":8,"minecraft:crafting_table":3,"minecraft:warped_roots":16,"minecraft:purpur_stairs":1,"minecraft:elytra":1,"minecraft:flint":2,"minecraft:dirt":1,"minecraft:mutton":5,"minecraft:crimson_roots":4,"minecraft:bone":28,"minecraft:gravel":1,"minecraft:crimson_fungus":1,"minecraft:stone_axe":21,"minecraft:blackstone":54,"minecraft:golden_chestplate":1,"minecraft:wheat":1,"minecraft:rotten_flesh":9,"minecraft:oak_planks":12,"minecraft:diamond_shovel":1,"minecraft:carrot":1,"minecraft:shulker_shell":8,"minecraft:beetroot_seeds":4,"minecraft:melon_seeds":4,"minecraft:white_dye":1,"minecraft:basalt":76,"minecraft:end_stone_bricks":2,"minecraft:warped_wart_block":8,"minecraft:stone_brick_stairs":8,"minecraft:netherrack":450,"minecraft:iron_ingot":43,"minecraft:bread":417,"minecraft:golden_helmet":1,"minecraft:mossy_cobblestone":4,"minecraft:diamond_leggings":1,"minecraft:purpur_slab":3,"minecraft:iron_helmet":10,"minecraft:cobblestone":50,"minecraft:spruce_door":1,"minecraft:chainmail_helmet":12,"minecraft:golden_apple":44,"minecraft:coal":46,"minecraft:end_rod":3,"minecraft:stick":67,"minecraft:brewing_stand":2,"minecraft:torch":6,"minecraft:iron_door":1,"minecraft:diamond_helmet":1,"minecraft:potion":1,"minecraft:pumpkin":1,"minecraft:iron_axe":4,"minecraft:chainmail_leggings":12,"minecraft:string":2,"minecraft:spruce_sapling":6,"minecraft:purpur_pillar":3,"minecraft:warped_nylium":9,"minecraft:dragon_head":2,"minecraft:stone_sword":2,"minecraft:diamond_hoe":5,"minecraft:tuff":3,"minecraft:ender_eye":1,"minecraft:diamond_sword":1,"minecraft:shroomlight":4,"minecraft:diamond_chestplate":1,"minecraft:peony":3,"minecraft:spruce_trapdoor":3,"minecraft:spruce_planks":7,"minecraft:diamond_pickaxe":2,"minecraft:andesite":7,"minecraft:spruce_log":5,"minecraft:diamond_boots":2,"minecraft:stone_pickaxe":2}},"DataVersion":3700}