{"stats":{"minecraft:mined":{"minecraft:dandelion":5,"minecraft:short_grass":60,"minecraft:tall_grass":2,"minecraft:oxeye_daisy":1},"minecraft:dropped":{"minecraft:golden_boots":3,"minecraft:tipped_arrow":1,"minecraft:wheat_seeds":18,"minecraft:golden_helmet":2,"minecraft:golden_chestplate":3,"minecraft:diamond_chestplate":3,"minecraft:netherite_chestplate":9,"minecraft:golden_leggings":3,"minecraft:netherite_boots":8,"minecraft:netherite_sword":4,"minecraft:netherite_helmet":10,"minecraft:diamond_leggings":3,"minecraft:diamond_helmet":1,"minecraft:enchanted_golden_apple":10,"minecraft:diamond_boots":2,"minecraft:bow":2,"minecraft:arrow":2,"minecraft:totem_of_undying":79,"minecraft:splash_potion":53,"minecraft:golden_apple":123,"minecraft:netherite_leggings":12,"minecraft:dandelion":8,"minecraft:bone":1},"minecraft:broken":{"minecraft:diamond_boots":1,"minecraft:diamond_helmet":1},"minecraft:picked_up":{"minecraft:golden_helmet":2,"minecraft:tipped_arrow":1,"minecraft:netherite_boots":7,"minecraft:splash_potion":16,"minecraft:golden_leggings":3,"minecraft:dandelion":7,"minecraft:golden_boots":3,"minecraft:netherite_leggings":9,"minecraft:golden_chestplate":3,"minecraft:arrow":2,"minecraft:bone":1,"minecraft:diamond_chestplate":2,"minecraft:diamond_leggings":2,"minecraft:bow":2,"minecraft:netherite_helmet":7,"minecraft:wheat_seeds":22,"minecraft:netherite_sword":3,"minecraft:diamond_boots":1,"minecraft:golden_apple":122,"minecraft:totem_of_undying":39,"minecraft:netherite_chestplate":6,"minecraft:diamond_helmet":1,"minecraft:enchanted_golden_apple":28,"minecraft:ender_pearl":1},"minecraft:used":{"minecraft:oak_log":8,"minecraft:netherite_sword":1652,"minecraft:armor_stand":11,"minecraft:ender_pearl":1,"minecraft:chest":7,"minecraft:totem_of_undying":1,"minecraft:golden_apple":10,"minecraft:pearlescent_froglight":11,"minecraft:enchanted_golden_apple":1,"minecraft:splash_potion":21},"minecraft:killed_by":{"minecraft:player":1},"minecraft:custom":{"minecraft:time_since_rest":91266,"minecraft:damage_taken":9178,"minecraft:sprint_one_cm":102012,"minecraft:damage_absorbed":399,"minecraft:walk_one_cm":176961,"minecraft:mob_kills":1,"minecraft:drop":219,"minecraft:damage_dealt":36047,"minecraft:damage_dealt_absorbed":4732,"minecraft:fly_one_cm":181068,"minecraft:player_kills":14,"minecraft:open_chest":30,"minecraft:crouch_one_cm":884,"minecraft:play_time":174020,"minecraft:deaths":1,"minecraft:sneak_time":692,"minecraft:jump":2173,"minecraft:leave_game":5,"minecraft:walk_on_water_one_cm":2830,"minecraft:time_since_death":91238,"minecraft:total_world_time":174020,"minecraft:fall_one_cm":7105},"minecraft:killed":{"minecraft:enderman":1}},"DataVersion":3953}