{"stats":{"minecraft:mined":{"minecraft:spruce_planks":48,"minecraft:cobblestone_stairs":3,"minecraft:obsidian":24,"minecraft:spruce_trapdoor":25,"minecraft:acacia_log":1,"minecraft:grass_block":88,"minecraft:composter":1,"minecraft:crimson_fungus":1,"minecraft:spawner":2,"minecraft:iron_ore":80,"minecraft:cobbled_deepslate":1,"minecraft:fire":29,"minecraft:pumpkin":2,"minecraft:fletching_table":4,"minecraft:deepslate_lapis_ore":13,"minecraft:dirt_path":34,"minecraft:spruce_slab":4,"minecraft:brown_mushroom":4,"minecraft:blackstone":34,"minecraft:crimson_nylium":24,"minecraft:torch":3,"minecraft:poppy":2,"minecraft:chest":1,"minecraft:spruce_wall_sign":2,"minecraft:glass":13,"minecraft:nether_quartz_ore":31,"minecraft:cobblestone":171,"minecraft:oak_planks":1,"minecraft:sugar_cane":1,"minecraft:wall_torch":4,"minecraft:warped_nylium":44,"minecraft:wheat":1,"minecraft:warped_fungus":1,"minecraft:oak_log":18,"minecraft:sand":4,"minecraft:dirt":407,"minecraft:netherrack":1341,"minecraft:oak_leaves":20,"minecraft:deepslate":315,"minecraft:nether_gold_ore":13,"minecraft:red_carpet":3,"minecraft:tuff":24,"minecraft:mossy_cobblestone":12,"minecraft:deepslate_diamond_ore":65,"minecraft:ladder":1,"minecraft:nether_bricks":16,"minecraft:spruce_fence":3,"minecraft:crimson_roots":3,"minecraft:spruce_leaves":102,"minecraft:red_mushroom":8,"minecraft:large_fern":35,"minecraft:furnace":4,"minecraft:nether_sprouts":3,"minecraft:andesite":61,"minecraft:bookshelf":6,"minecraft:shroomlight":4,"minecraft:warped_stem":21,"minecraft:stone":457,"minecraft:bone_block":18,"minecraft:glass_pane":12,"minecraft:basalt":212,"minecraft:spruce_door":3,"minecraft:crafting_table":6,"minecraft:short_grass":22,"minecraft:warped_roots":8,"minecraft:deepslate_gold_ore":39,"minecraft:lapis_ore":13,"minecraft:diorite":48,"minecraft:blue_bed":12,"minecraft:warped_wart_block":4,"minecraft:spruce_stairs":2,"minecraft:purple_bed":9,"minecraft:cobblestone_wall":2,"minecraft:sweet_berry_bush":23,"minecraft:spruce_log":174,"minecraft:birch_leaves":2,"minecraft:coal_ore":65,"minecraft:gravel":47,"minecraft:cobweb":20,"minecraft:spruce_fence_gate":2,"minecraft:gold_ore":16,"minecraft:fern":49},"minecraft:picked_up":{"minecraft:wheat":1,"minecraft:string":22,"minecraft:shroomlight":4,"minecraft:gold_nugget":39,"minecraft:cobbled_deepslate":293,"minecraft:spruce_planks":50,"minecraft:furnace":4,"minecraft:stick":80,"minecraft:composter":1,"minecraft:torch":51,"minecraft:acacia_log":1,"minecraft:diorite":78,"minecraft:stone_sword":2,"minecraft:rotten_flesh":28,"minecraft:blaze_rod":11,"minecraft:obsidian":22,"minecraft:cobblestone":833,"minecraft:andesite":67,"minecraft:potato":1,"minecraft:flint":7,"minecraft:tuff":24,"minecraft:dirt":535,"minecraft:lapis_lazuli":182,"minecraft:purple_carpet":3,"minecraft:bone":16,"minecraft:wheat_seeds":10,"minecraft:raw_gold":55,"minecraft:fletching_table":4,"minecraft:oak_planks":2,"minecraft:warped_wart_block":8,"minecraft:sand":4,"minecraft:mossy_cobblestone":13,"minecraft:spruce_fence_gate":2,"minecraft:diamond":64,"minecraft:spruce_boat":21,"minecraft:spruce_sign":2,"minecraft:chainmail_helmet":2,"minecraft:bread":64,"minecraft:netherrack":1229,"minecraft:crimson_roots":4,"minecraft:diamond_pickaxe":1,"minecraft:crafting_table":7,"minecraft:ladder":5,"minecraft:brown_mushroom":4,"minecraft:wooden_pickaxe":1,"minecraft:iron_axe":3,"minecraft:blackstone":86,"minecraft:beef":8,"minecraft:spruce_slab":4,"minecraft:poppy":3,"minecraft:sugar_cane":3,"minecraft:chest":1,"minecraft:spruce_trapdoor":25,"minecraft:diamond_hoe":3,"minecraft:egg":5,"minecraft:raw_iron":109,"minecraft:spruce_fence":3,"minecraft:arrow":5,"minecraft:peony":8,"minecraft:nether_bricks":16,"minecraft:bone_block":18,"minecraft:basalt":211,"minecraft:leather":4,"minecraft:red_mushroom":8,"minecraft:crimson_fungus":1,"minecraft:oak_log":18,"minecraft:cobblestone_stairs":2,"minecraft:cobblestone_wall":2,"minecraft:blue_bed":14,"minecraft:warped_stem":20,"minecraft:iron_ingot":29,"minecraft:iron_sword":1,"minecraft:book":18,"minecraft:warped_fungus":1,"minecraft:pumpkin":2,"minecraft:sweet_berries":57,"minecraft:quartz":27,"minecraft:gravel":60,"minecraft:spruce_sapling":20,"minecraft:white_bed":1,"minecraft:spruce_log":183,"minecraft:spruce_door":3,"minecraft:spider_eye":6,"minecraft:diamond_shovel":1,"minecraft:purple_bed":10,"minecraft:stone_axe":10,"minecraft:chainmail_leggings":12,"minecraft:iron_helmet":10,"minecraft:diamond_axe":2,"minecraft:warped_roots":16,"minecraft:warped_nylium":9,"minecraft:coal":162,"minecraft:ender_pearl":16},"minecraft:killed_by":{"minecraft:creeper":1,"minecraft:iron_golem":2},"minecraft:broken":{"minecraft:iron_shovel":1,"minecraft:iron_axe":1,"minecraft:iron_pickaxe":1,"minecraft:wooden_hoe":1},"minecraft:crafted":{"minecraft:grindstone":1,"minecraft:smooth_stone":6,"minecraft:oak_planks":72,"minecraft:chainmail_helmet":12,"minecraft:stone":15,"minecraft:diamond_shovel":1,"minecraft:bookshelf":5,"minecraft:warped_planks":64,"minecraft:glass":217,"minecraft:diamond_helmet":2,"minecraft:diamond_leggings":2,"minecraft:iron_boots":1,"minecraft:chest":3,"minecraft:emerald":300,"minecraft:diamond_axe":4,"minecraft:crafting_table":3,"minecraft:spruce_planks":788,"minecraft:wooden_pickaxe":1,"minecraft:iron_helmet":11,"minecraft:smithing_table":1,"minecraft:fletching_table":1,"minecraft:apple":24,"minecraft:spruce_trapdoor":6,"minecraft:wooden_hoe":2,"minecraft:iron_chestplate":1,"minecraft:diamond_pickaxe":3,"minecraft:stick":8764,"minecraft:stone_slab":6,"minecraft:iron_ingot":76,"minecraft:iron_pickaxe":2,"minecraft:gold_ingot":59,"minecraft:composter":3,"minecraft:spruce_fence_gate":2,"minecraft:smooth_stone_slab":6,"minecraft:iron_nugget":21,"minecraft:diamond_hoe":3,"minecraft:furnace":3,"minecraft:blast_furnace":1,"minecraft:mushroom_stew":4,"minecraft:bone_meal":3,"minecraft:spruce_fence":42,"minecraft:flint_and_steel":1,"minecraft:iron_axe":4,"minecraft:spruce_slab":36,"minecraft:stone_pickaxe":2,"minecraft:diamond_boots":2,"minecraft:spruce_boat":4,"minecraft:chainmail_leggings":12,"minecraft:cooked_beef":3,"minecraft:diamond_sword":5,"minecraft:spruce_sign":3,"minecraft:enchanting_table":1,"minecraft:iron_sword":2,"minecraft:bowl":4,"minecraft:bucket":2,"minecraft:stone_axe":11,"minecraft:bread":246,"minecraft:air":0,"minecraft:white_wool":4,"minecraft:golden_apple":7,"minecraft:iron_shovel":1,"minecraft:iron_leggings":1,"minecraft:white_bed":1,"minecraft:acacia_planks":4000,"minecraft:torch":20,"minecraft:diamond_chestplate":2},"minecraft:custom":{"minecraft:interact_with_crafting_table":77,"minecraft:leave_game":7,"minecraft:time_since_death":229248,"minecraft:sprint_one_cm":370603,"minecraft:drop":315,"minecraft:talked_to_villager":88,"minecraft:play_time":401531,"minecraft:deaths":3,"minecraft:jump":3926,"minecraft:walk_on_water_one_cm":21919,"minecraft:enchant_item":44,"minecraft:interact_with_furnace":147,"minecraft:traded_with_villager":411,"minecraft:sleep_in_bed":20,"minecraft:damage_dealt":16448,"minecraft:player_kills":1,"minecraft:crouch_one_cm":63806,"minecraft:mob_kills":72,"minecraft:interact_with_anvil":5,"minecraft:climb_one_cm":17291,"minecraft:walk_one_cm":1006824,"minecraft:sneak_time":16688,"minecraft:walk_under_water_one_cm":8418,"minecraft:boat_one_cm":131342,"minecraft:total_world_time":401531,"minecraft:interact_with_grindstone":28,"minecraft:time_since_rest":8052,"minecraft:damage_taken":2864,"minecraft:damage_absorbed":90,"minecraft:swim_one_cm":21343,"minecraft:fly_one_cm":475095,"minecraft:open_chest":198,"minecraft:fall_one_cm":83247},"minecraft:used":{"minecraft:peony":5,"minecraft:iron_shovel":250,"minecraft:spruce_slab":12,"minecraft:ladder":5,"minecraft:chest":4,"minecraft:iron_sword":142,"minecraft:rotten_flesh":5,"minecraft:obsidian":12,"minecraft:spruce_boat":16,"minecraft:glass":228,"minecraft:villager_spawn_egg":2,"minecraft:furnace":6,"minecraft:egg":11,"minecraft:diorite":8,"minecraft:stone_pickaxe":149,"minecraft:oak_planks":18,"minecraft:wooden_pickaxe":21,"minecraft:composter":4,"minecraft:blue_bed":14,"minecraft:diamond_axe":42,"minecraft:sugar_cane":1,"minecraft:golden_apple":3,"minecraft:mushroom_stew":4,"minecraft:blast_furnace":1,"minecraft:bread":39,"minecraft:gravel":7,"minecraft:diamond_sword":109,"minecraft:grindstone":1,"minecraft:smithing_table":1,"minecraft:andesite":15,"minecraft:bone_meal":3,"minecraft:oak_trapdoor":6,"minecraft:enchanting_table":1,"minecraft:acacia_log":1,"minecraft:flint_and_steel":3,"minecraft:spruce_planks":142,"minecraft:netherrack":284,"minecraft:torch":61,"minecraft:dirt":259,"minecraft:anvil":1,"minecraft:salmon_bucket":1,"minecraft:spruce_fence":28,"minecraft:bookshelf":17,"minecraft:iron_axe":320,"minecraft:cooked_beef":3,"minecraft:cobbled_deepslate":34,"minecraft:pumpkin":1,"minecraft:wheat_seeds":60,"minecraft:water_bucket":38,"minecraft:spruce_sign":5,"minecraft:fletching_table":6,"minecraft:spruce_fence_gate":4,"minecraft:mossy_cobblestone":1,"minecraft:crafting_table":5,"minecraft:white_bed":1,"minecraft:warped_planks":64,"minecraft:wooden_hoe":104,"minecraft:diamond_pickaxe":2592,"minecraft:diamond_shovel":67,"minecraft:iron_pickaxe":450,"minecraft:spruce_trapdoor":6,"minecraft:stone_axe":45,"minecraft:cobblestone":82,"minecraft:purple_bed":10,"minecraft:bucket":40},"minecraft:killed":{"minecraft:zombified_piglin":1,"minecraft:spider":3,"minecraft:skeleton":3,"minecraft:magma_cube":2,"minecraft:piglin":8,"minecraft:iron_golem":2,"minecraft:zombie":24,"minecraft:blaze":7,"minecraft:cow":3,"minecraft:wither_skeleton":6,"minecraft:villager":2,"minecraft:enderman":10},"minecraft:dropped":{"minecraft:iron_sword":2,"minecraft:warped_stem":4,"minecraft:diamond_axe":3,"minecraft:warped_fungus":1,"minecraft:crafting_table":3,"minecraft:warped_roots":16,"minecraft:flint":2,"minecraft:dirt":1,"minecraft:crimson_roots":4,"minecraft:gravel":1,"minecraft:crimson_fungus":1,"minecraft:stone_axe":21,"minecraft:blackstone":54,"minecraft:wheat":1,"minecraft:rotten_flesh":5,"minecraft:oak_planks":12,"minecraft:diamond_shovel":1,"minecraft:basalt":76,"minecraft:warped_wart_block":8,"minecraft:netherrack":450,"minecraft:iron_ingot":43,"minecraft:bread":417,"minecraft:mossy_cobblestone":4,"minecraft:diamond_leggings":1,"minecraft:iron_helmet":10,"minecraft:cobblestone":50,"minecraft:spruce_door":1,"minecraft:chainmail_helmet":12,"minecraft:coal":46,"minecraft:golden_apple":32,"minecraft:stick":67,"minecraft:torch":6,"minecraft:diamond_helmet":1,"minecraft:pumpkin":1,"minecraft:iron_axe":4,"minecraft:chainmail_leggings":12,"minecraft:warped_nylium":9,"minecraft:stone_sword":2,"minecraft:diamond_hoe":5,"minecraft:diamond_sword":1,"minecraft:shroomlight":4,"minecraft:diamond_chestplate":1,"minecraft:peony":3,"minecraft:spruce_trapdoor":3,"minecraft:spruce_planks":7,"minecraft:diamond_pickaxe":2,"minecraft:andesite":7,"minecraft:diamond_boots":1,"minecraft:spruce_log":5,"minecraft:stone_pickaxe":2}},"DataVersion":3700}