{"stats":{"minecraft:broken":{"minecraft:iron_shovel":1,"minecraft:iron_axe":1,"minecraft:iron_pickaxe":1,"minecraft:wooden_hoe":1},"minecraft:used":{"minecraft:peony":7,"minecraft:iron_shovel":250,"minecraft:spruce_slab":12,"minecraft:ladder":7,"minecraft:elytra":24,"minecraft:axolotl_spawn_egg":7,"minecraft:chest":13,"minecraft:stone":87,"minecraft:iron_sword":142,"minecraft:rotten_flesh":5,"minecraft:nether_bricks":16,"minecraft:axolotl_bucket":1,"minecraft:obsidian":62,"minecraft:spruce_boat":29,"minecraft:glass":228,"minecraft:villager_spawn_egg":2,"minecraft:stone_brick_stairs":9,"minecraft:stone_bricks":16,"minecraft:bow":654,"minecraft:furnace":6,"minecraft:egg":11,"minecraft:dragon_head":2,"minecraft:mossy_stone_bricks":30,"minecraft:end_rod":4,"minecraft:diorite":8,"minecraft:diamond_boots":1,"minecraft:end_stone_bricks":225,"minecraft:stone_pickaxe":149,"minecraft:oak_planks":26,"minecraft:ender_pearl":37,"minecraft:wooden_pickaxe":21,"minecraft:composter":4,"minecraft:diamond_axe":1379,"minecraft:sugar_cane":13,"minecraft:blue_bed":14,"minecraft:golden_apple":53,"minecraft:mushroom_stew":4,"minecraft:blast_furnace":1,"minecraft:crossbow":3,"minecraft:lingering_potion":8,"minecraft:end_stone":1,"minecraft:firework_rocket":132,"minecraft:bread":91,"minecraft:lectern":42,"minecraft:gravel":7,"minecraft:diamond_sword":622,"minecraft:grindstone":1,"minecraft:smithing_table":2,"minecraft:oak_boat":2,"minecraft:andesite":15,"minecraft:bone_meal":16,"minecraft:oak_trapdoor":7,"minecraft:enchanting_table":1,"minecraft:acacia_log":1,"minecraft:flint_and_steel":6,"minecraft:spruce_planks":315,"minecraft:netherrack":789,"minecraft:torch":75,"minecraft:brewing_stand":1,"minecraft:dirt":361,"minecraft:anvil":1,"minecraft:hopper":4,"minecraft:shulker_box":3,"minecraft:salmon_bucket":1,"minecraft:spruce_fence":41,"minecraft:bookshelf":17,"minecraft:iron_axe":320,"minecraft:totem_of_undying":5,"minecraft:diamond_chestplate":23,"minecraft:podzol":1,"minecraft:cooked_beef":3,"minecraft:cobbled_deepslate":105,"minecraft:pumpkin":1,"minecraft:wheat_seeds":60,"minecraft:cooked_mutton":3,"minecraft:water_bucket":75,"minecraft:spruce_chest_boat":2,"minecraft:spruce_sign":5,"minecraft:stonecutter":1,"minecraft:fletching_table":6,"minecraft:spruce_fence_gate":4,"minecraft:cracked_stone_bricks":1,"minecraft:salmon":1,"minecraft:mossy_cobblestone":1,"minecraft:crafting_table":7,"minecraft:red_mushroom":5,"minecraft:white_bed":4,"minecraft:warped_planks":64,"minecraft:spruce_log":7,"minecraft:wooden_hoe":104,"minecraft:ender_eye":23,"minecraft:diamond_pickaxe":3694,"minecraft:diamond_shovel":67,"minecraft:iron_pickaxe":450,"minecraft:spruce_trapdoor":6,"minecraft:spruce_sapling":2,"minecraft:stone_axe":45,"minecraft:cobblestone":214,"minecraft:potion":1,"minecraft:purple_bed":11,"minecraft:white_banner":2,"minecraft:cooked_porkchop":6,"minecraft:bucket":78,"minecraft:diamond_leggings":1},"minecraft:killed_by":{"minecraft:creeper":1,"minecraft:vindicator":1,"minecraft:zombie":2,"minecraft:iron_golem":2,"minecraft:ender_dragon":1},"minecraft:custom":{"minecraft:animals_bred":1,"minecraft:interact_with_crafting_table":98,"minecraft:open_shulker_box":33,"minecraft:bell_ring":22,"minecraft:leave_game":11,"minecraft:time_since_death":309337,"minecraft:sprint_one_cm":887203,"minecraft:drop":558,"minecraft:talked_to_villager":146,"minecraft:play_time":1230247,"minecraft:deaths":7,"minecraft:jump":9730,"minecraft:walk_on_water_one_cm":41664,"minecraft:enchant_item":78,"minecraft:interact_with_furnace":181,"minecraft:traded_with_villager":419,"minecraft:sleep_in_bed":30,"minecraft:open_enderchest":2,"minecraft:damage_dealt":57556,"minecraft:player_kills":2,"minecraft:crouch_one_cm":106469,"minecraft:horse_one_cm":3404,"minecraft:mob_kills":364,"minecraft:interact_with_anvil":20,"minecraft:inspect_hopper":23,"minecraft:climb_one_cm":22373,"minecraft:walk_one_cm":2057035,"minecraft:sneak_time":29193,"minecraft:walk_under_water_one_cm":16560,"minecraft:boat_one_cm":206423,"minecraft:total_world_time":1230247,"minecraft:raid_trigger":1,"minecraft:interact_with_grindstone":38,"minecraft:interact_with_stonecutter":7,"minecraft:time_since_rest":309380,"minecraft:damage_taken":12767,"minecraft:damage_absorbed":1692,"minecraft:swim_one_cm":31571,"minecraft:fly_one_cm":1621299,"minecraft:open_chest":393,"minecraft:aviate_one_cm":4370028,"minecraft:fall_one_cm":233663},"minecraft:mined":{"minecraft:dragon_wall_head":2,"minecraft:spruce_planks":109,"minecraft:white_bed":1,"minecraft:cobblestone_stairs":18,"minecraft:brewing_stand":3,"minecraft:obsidian":54,"minecraft:spruce_trapdoor":69,"minecraft:granite":9,"minecraft:acacia_log":1,"minecraft:grass_block":93,"minecraft:purpur_slab":3,"minecraft:composter":1,"minecraft:crimson_fungus":1,"minecraft:spawner":3,"minecraft:iron_ore":80,"minecraft:cobbled_deepslate":7,"minecraft:fire":29,"minecraft:pumpkin":2,"minecraft:deepslate_lapis_ore":14,"minecraft:fletching_table":4,"minecraft:dirt_path":35,"minecraft:iron_bars":12,"minecraft:end_stone_bricks":6,"minecraft:spruce_slab":4,"minecraft:brown_mushroom":5,"minecraft:blackstone":34,"minecraft:crimson_nylium":24,"minecraft:purpur_stairs":1,"minecraft:torch":10,"minecraft:poppy":2,"minecraft:chest":4,"minecraft:mushroom_stem":23,"minecraft:spruce_wall_sign":2,"minecraft:nether_quartz_ore":31,"minecraft:glass":13,"minecraft:cobblestone":475,"minecraft:sugar_cane":20,"minecraft:oak_planks":13,"minecraft:iron_door":3,"minecraft:wall_torch":9,"minecraft:warped_nylium":44,"minecraft:wheat":1,"minecraft:warped_fungus":1,"minecraft:stone_brick_stairs":9,"minecraft:smooth_stone_slab":2,"minecraft:infested_mossy_stone_bricks":2,"minecraft:oak_log":173,"minecraft:sand":5,"minecraft:dirt":444,"minecraft:red_mushroom_block":192,"minecraft:netherrack":1414,"minecraft:oak_leaves":83,"minecraft:deepslate":398,"minecraft:infested_deepslate":2,"minecraft:nether_gold_ore":13,"minecraft:tuff":40,"minecraft:red_carpet":3,"minecraft:mossy_cobblestone":51,"minecraft:deepslate_diamond_ore":65,"minecraft:end_stone":253,"minecraft:nether_bricks":16,"minecraft:ladder":1,"minecraft:dark_oak_fence":4,"minecraft:spruce_fence":14,"minecraft:crimson_roots":3,"minecraft:spruce_leaves":169,"minecraft:red_mushroom":8,"minecraft:large_fern":45,"minecraft:hay_block":1,"minecraft:oak_trapdoor":1,"minecraft:furnace":4,"minecraft:nether_sprouts":3,"minecraft:andesite":77,"minecraft:stripped_spruce_log":4,"minecraft:peony":2,"minecraft:bookshelf":167,"minecraft:shroomlight":4,"minecraft:warped_stem":21,"minecraft:chorus_plant":1,"minecraft:stone":510,"minecraft:bone_block":18,"minecraft:glass_pane":23,"minecraft:infested_stone_bricks":7,"minecraft:basalt":212,"minecraft:spruce_door":10,"minecraft:crafting_table":7,"minecraft:short_grass":32,"minecraft:warped_roots":8,"minecraft:lectern":41,"minecraft:campfire":1,"minecraft:purpur_pillar":3,"minecraft:deepslate_gold_ore":39,"minecraft:lapis_ore":20,"minecraft:diorite":67,"minecraft:blue_bed":12,"minecraft:warped_wart_block":4,"minecraft:spruce_stairs":6,"minecraft:purple_bed":9,"minecraft:cobblestone_wall":9,"minecraft:sweet_berry_bush":23,"minecraft:spruce_log":608,"minecraft:birch_leaves":6,"minecraft:coal_ore":65,"minecraft:end_rod":7,"minecraft:gravel":51,"minecraft:cobweb":22,"minecraft:cracked_stone_bricks":11,"minecraft:spruce_fence_gate":2,"minecraft:stone_bricks":37,"minecraft:mossy_stone_bricks":32,"minecraft:gold_ore":16,"minecraft:fern":59},"minecraft:dropped":{"minecraft:iron_sword":2,"minecraft:warped_stem":4,"minecraft:brown_mushroom":2,"minecraft:diamond_axe":5,"minecraft:warped_fungus":1,"minecraft:chorus_fruit":7,"minecraft:glass_bottle":1,"minecraft:diamond":8,"minecraft:crafting_table":3,"minecraft:crossbow":3,"minecraft:warped_roots":16,"minecraft:iron_horse_armor":1,"minecraft:saddle":4,"minecraft:purpur_stairs":1,"minecraft:elytra":1,"minecraft:cobblestone_stairs":15,"minecraft:red_mushroom":177,"minecraft:flint":2,"minecraft:dirt":10,"minecraft:dark_oak_log":3,"minecraft:mutton":5,"minecraft:crimson_roots":4,"minecraft:gold_nugget":3,"minecraft:bone_meal":68,"minecraft:bone_block":9,"minecraft:phantom_membrane":31,"minecraft:sand":5,"minecraft:iron_pickaxe":1,"minecraft:gold_ingot":22,"minecraft:bone":32,"minecraft:gravel":17,"minecraft:blackstone":118,"minecraft:crimson_fungus":1,"minecraft:stone_axe":21,"minecraft:iron_nugget":6,"minecraft:golden_chestplate":1,"minecraft:cobbled_deepslate":202,"minecraft:wheat":9,"minecraft:obsidian":7,"minecraft:rotten_flesh":54,"minecraft:oak_planks":12,"minecraft:diamond_shovel":2,"minecraft:end_stone":3,"minecraft:salmon":45,"minecraft:carrot":1,"minecraft:eye_armor_trim_smithing_template":3,"minecraft:shulker_shell":8,"minecraft:charcoal":2,"minecraft:beetroot_seeds":4,"minecraft:melon_seeds":4,"minecraft:chest":1,"minecraft:white_dye":1,"minecraft:basalt":268,"minecraft:end_stone_bricks":29,"minecraft:warped_wart_block":8,"minecraft:quartz":20,"minecraft:stone_brick_stairs":8,"minecraft:netherrack":453,"minecraft:firework_rocket":60,"minecraft:enchanted_book":12,"minecraft:iron_ingot":43,"minecraft:bread":417,"minecraft:golden_helmet":1,"minecraft:mossy_cobblestone":4,"minecraft:golden_horse_armor":1,"minecraft:diamond_leggings":1,"minecraft:book":47,"minecraft:purpur_slab":3,"minecraft:iron_helmet":13,"minecraft:cobblestone":221,"minecraft:spruce_door":8,"minecraft:spruce_stairs":4,"minecraft:coal":46,"minecraft:chainmail_helmet":12,"minecraft:golden_apple":130,"minecraft:end_rod":3,"minecraft:stick":78,"minecraft:diamond_horse_armor":1,"minecraft:brewing_stand":2,"minecraft:torch":6,"minecraft:iron_door":1,"minecraft:diamond_helmet":3,"minecraft:potion":5,"minecraft:pumpkin":1,"minecraft:white_banner":3,"minecraft:iron_axe":7,"minecraft:chainmail_leggings":12,"minecraft:string":9,"minecraft:spruce_sapling":8,"minecraft:purpur_pillar":3,"minecraft:warped_nylium":9,"minecraft:dragon_head":3,"minecraft:stone_sword":2,"minecraft:cobblestone_wall":3,"minecraft:smooth_stone_slab":4,"minecraft:diamond_hoe":6,"minecraft:tuff":27,"minecraft:ender_eye":1,"minecraft:totem_of_undying":2,"minecraft:spruce_fence":1,"minecraft:flint_and_steel":4,"minecraft:diamond_sword":1,"minecraft:shroomlight":4,"minecraft:diamond_chestplate":1,"minecraft:peony":3,"minecraft:spruce_trapdoor":44,"minecraft:spruce_planks":201,"minecraft:diamond_pickaxe":2,"minecraft:andesite":7,"minecraft:spider_eye":19,"minecraft:diamond_boots":3,"minecraft:spruce_log":54,"minecraft:stone_pickaxe":2},"minecraft:crafted":{"minecraft:grindstone":1,"minecraft:oak_planks":72,"minecraft:smooth_stone":6,"minecraft:chainmail_helmet":12,"minecraft:blaze_powder":18,"minecraft:stone":141,"minecraft:diamond_shovel":1,"minecraft:bookshelf":5,"minecraft:shulker_box":3,"minecraft:warped_planks":64,"minecraft:glass":217,"minecraft:hopper":4,"minecraft:diamond_helmet":2,"minecraft:diamond_leggings":2,"minecraft:bow":4,"minecraft:iron_boots":1,"minecraft:chest":14,"minecraft:ender_eye":17,"minecraft:stone_bricks":6,"minecraft:emerald":300,"minecraft:diamond_axe":4,"minecraft:crafting_table":4,"minecraft:spruce_planks":1248,"minecraft:wooden_pickaxe":1,"minecraft:iron_helmet":11,"minecraft:smithing_table":1,"minecraft:fletching_table":1,"minecraft:spruce_chest_boat":2,"minecraft:apple":24,"minecraft:spruce_trapdoor":6,"minecraft:iron_chestplate":1,"minecraft:wooden_hoe":2,"minecraft:diamond_pickaxe":3,"minecraft:stick":8772,"minecraft:stone_slab":6,"minecraft:iron_ingot":76,"minecraft:iron_pickaxe":2,"minecraft:gold_ingot":59,"minecraft:composter":3,"minecraft:spruce_fence_gate":2,"minecraft:smooth_stone_slab":198,"minecraft:iron_nugget":21,"minecraft:diamond_hoe":3,"minecraft:furnace":3,"minecraft:blast_furnace":1,"minecraft:mushroom_stew":4,"minecraft:bone_meal":87,"minecraft:spruce_fence":42,"minecraft:end_stone_bricks":248,"minecraft:flint_and_steel":2,"minecraft:iron_axe":4,"minecraft:ladder":3,"minecraft:spruce_slab":36,"minecraft:stone_pickaxe":2,"minecraft:diamond_boots":2,"minecraft:spruce_boat":8,"minecraft:chainmail_leggings":12,"minecraft:wheat":9,"minecraft:cooked_beef":3,"minecraft:diamond_sword":5,"minecraft:spruce_sign":3,"minecraft:enchanting_table":1,"minecraft:iron_sword":2,"minecraft:bowl":4,"minecraft:bucket":2,"minecraft:stone_axe":11,"minecraft:enchanted_book":3,"minecraft:bread":259,"minecraft:air":0,"minecraft:white_wool":6,"minecraft:golden_apple":7,"minecraft:white_dye":4,"minecraft:iron_shovel":1,"minecraft:iron_leggings":1,"minecraft:stonecutter":1,"minecraft:white_bed":3,"minecraft:acacia_planks":4000,"minecraft:torch":20,"minecraft:diamond_chestplate":2,"minecraft:firework_rocket":30},"minecraft:killed":{"minecraft:zombified_piglin":1,"minecraft:witch":8,"minecraft:spider":11,"minecraft:shulker":17,"minecraft:skeleton":9,"minecraft:axolotl":5,"minecraft:silverfish":6,"minecraft:cat":2,"minecraft:magma_cube":2,"minecraft:piglin":8,"minecraft:pig":1,"minecraft:zombie_villager":2,"minecraft:iron_golem":4,"minecraft:ender_dragon":1,"minecraft:creeper":5,"minecraft:sheep":3,"minecraft:pillager":79,"minecraft:zombie":72,"minecraft:stray":4,"minecraft:blaze":7,"minecraft:cow":4,"minecraft:evoker":7,"minecraft:vex":11,"minecraft:vindicator":19,"minecraft:endermite":1,"minecraft:ravager":5,"minecraft:wither_skeleton":6,"minecraft:villager":2,"minecraft:enderman":27},"minecraft:picked_up":{"minecraft:shulker_shell":8,"minecraft:iron_chestplate":1,"minecraft:wheat":17,"minecraft:lead":1,"minecraft:potion":12,"minecraft:enchanted_book":28,"minecraft:stone_brick_stairs":17,"minecraft:brewing_stand":3,"minecraft:string":41,"minecraft:smooth_stone_slab":4,"minecraft:iron_leggings":1,"minecraft:experience_bottle":1,"minecraft:shroomlight":4,"minecraft:diamond_leggings":1,"minecraft:gold_nugget":45,"minecraft:cobbled_deepslate":862,"minecraft:eye_armor_trim_smithing_template":6,"minecraft:spruce_planks":200,"minecraft:ender_eye":7,"minecraft:iron_pickaxe":2,"minecraft:iron_boots":2,"minecraft:furnace":4,"minecraft:golden_helmet":1,"minecraft:stick":92,"minecraft:composter":1,"minecraft:spruce_stairs":4,"minecraft:acacia_log":1,"minecraft:torch":87,"minecraft:purpur_pillar":3,"minecraft:porkchop":4,"minecraft:diorite":95,"minecraft:golden_chestplate":1,"minecraft:stone_sword":2,"minecraft:rotten_flesh":85,"minecraft:end_rod":7,"minecraft:blaze_rod":11,"minecraft:obsidian":66,"minecraft:iron_bars":20,"minecraft:cobblestone":1398,"minecraft:cooked_beef":6,"minecraft:iron_door":1,"minecraft:andesite":83,"minecraft:potato":1,"minecraft:flint":8,"minecraft:tuff":78,"minecraft:lapis_lazuli":230,"minecraft:dirt":597,"minecraft:name_tag":1,"minecraft:purple_carpet":3,"minecraft:bone":25,"minecraft:bow":1,"minecraft:wheat_seeds":17,"minecraft:raw_gold":55,"minecraft:diamond_helmet":4,"minecraft:fletching_table":4,"minecraft:mossy_stone_bricks":30,"minecraft:glowstone_dust":5,"minecraft:oak_planks":16,"minecraft:cooked_porkchop":6,"minecraft:music_disc_13":1,"minecraft:warped_wart_block":8,"minecraft:sand":12,"minecraft:stripped_spruce_log":4,"minecraft:mossy_cobblestone":52,"minecraft:spruce_fence_gate":2,"minecraft:diamond":93,"minecraft:spruce_boat":24,"minecraft:crossbow":3,"minecraft:granite":9,"minecraft:bone_meal":136,"minecraft:emerald":56,"minecraft:golden_apple":113,"minecraft:spruce_sign":2,"minecraft:chainmail_helmet":2,"minecraft:golden_horse_armor":2,"minecraft:bread":118,"minecraft:oak_sapling":4,"minecraft:netherrack":1298,"minecraft:chorus_fruit":7,"minecraft:diamond_pickaxe":1,"minecraft:crimson_roots":4,"minecraft:end_stone_bricks":60,"minecraft:charcoal":2,"minecraft:crafting_table":7,"minecraft:ladder":6,"minecraft:brown_mushroom":6,"minecraft:wooden_pickaxe":1,"minecraft:diamond_horse_armor":2,"minecraft:dragon_head":5,"minecraft:oak_trapdoor":1,"minecraft:elytra":3,"minecraft:iron_axe":8,"minecraft:flint_and_steel":6,"minecraft:blackstone":182,"minecraft:cracked_stone_bricks":9,"minecraft:beef":8,"minecraft:spire_armor_trim_smithing_template":1,"minecraft:oak_boat":2,"minecraft:iron_nugget":9,"minecraft:poppy":3,"minecraft:spruce_slab":4,"minecraft:lectern":41,"minecraft:sugar_cane":36,"minecraft:chest":6,"minecraft:diamond_hoe":5,"minecraft:spruce_trapdoor":66,"minecraft:phantom_membrane":62,"minecraft:egg":5,"minecraft:raw_iron":109,"minecraft:end_stone":258,"minecraft:bowl":4,"minecraft:spruce_fence":20,"minecraft:carrot":1,"minecraft:iron_horse_armor":2,"minecraft:arrow":22,"minecraft:peony":10,"minecraft:nether_bricks":16,"minecraft:diamond_boots":2,"minecraft:hay_block":1,"minecraft:purpur_slab":3,"minecraft:totem_of_undying":11,"minecraft:saddle":5,"minecraft:gold_ingot":44,"minecraft:mutton":5,"minecraft:bone_block":36,"minecraft:white_wool":4,"minecraft:basalt":595,"minecraft:leather":8,"minecraft:red_mushroom":303,"minecraft:crimson_fungus":1,"minecraft:purpur_stairs":1,"minecraft:oak_log":173,"minecraft:cobblestone_wall":5,"minecraft:gunpowder":12,"minecraft:cobblestone_stairs":17,"minecraft:blue_bed":14,"minecraft:paper":22,"minecraft:white_banner":5,"minecraft:cooked_mutton":3,"minecraft:apple":19,"minecraft:stone_bricks":52,"minecraft:warped_stem":20,"minecraft:iron_ingot":76,"minecraft:iron_sword":2,"minecraft:book":595,"minecraft:warped_fungus":1,"minecraft:pumpkin":2,"minecraft:sweet_berries":57,"minecraft:quartz":27,"minecraft:gravel":95,"minecraft:spruce_sapling":24,"minecraft:white_bed":2,"minecraft:spruce_log":674,"minecraft:spruce_door":10,"minecraft:dragon_egg":1,"minecraft:spider_eye":35,"minecraft:leather_helmet":2,"minecraft:firework_rocket":60,"minecraft:diamond_shovel":3,"minecraft:purple_bed":11,"minecraft:stone_axe":10,"minecraft:chainmail_leggings":12,"minecraft:iron_helmet":17,"minecraft:diamond_axe":5,"minecraft:gray_wool":2,"minecraft:warped_roots":16,"minecraft:warped_nylium":9,"minecraft:coal":168,"minecraft:ender_pearl":52}},"DataVersion":3700}