{"stats":{"minecraft:mined":{"minecraft:spruce_planks":48,"minecraft:white_bed":1,"minecraft:cobblestone_stairs":3,"minecraft:obsidian":54,"minecraft:spruce_trapdoor":25,"minecraft:granite":9,"minecraft:acacia_log":1,"minecraft:grass_block":92,"minecraft:composter":1,"minecraft:crimson_fungus":1,"minecraft:spawner":3,"minecraft:cobbled_deepslate":1,"minecraft:iron_ore":80,"minecraft:fire":29,"minecraft:pumpkin":2,"minecraft:fletching_table":4,"minecraft:deepslate_lapis_ore":14,"minecraft:dirt_path":34,"minecraft:iron_bars":12,"minecraft:end_stone_bricks":2,"minecraft:spruce_slab":4,"minecraft:brown_mushroom":4,"minecraft:blackstone":34,"minecraft:crimson_nylium":24,"minecraft:torch":8,"minecraft:poppy":2,"minecraft:chest":1,"minecraft:mushroom_stem":23,"minecraft:spruce_wall_sign":2,"minecraft:glass":13,"minecraft:nether_quartz_ore":31,"minecraft:cobblestone":171,"minecraft:oak_planks":13,"minecraft:sugar_cane":1,"minecraft:iron_door":3,"minecraft:wall_torch":9,"minecraft:warped_nylium":44,"minecraft:wheat":1,"minecraft:warped_fungus":1,"minecraft:stone_brick_stairs":9,"minecraft:infested_mossy_stone_bricks":2,"minecraft:oak_log":18,"minecraft:sand":4,"minecraft:dirt":421,"minecraft:red_mushroom_block":192,"minecraft:netherrack":1414,"minecraft:oak_leaves":29,"minecraft:deepslate":398,"minecraft:infested_deepslate":2,"minecraft:nether_gold_ore":13,"minecraft:red_carpet":3,"minecraft:tuff":40,"minecraft:mossy_cobblestone":12,"minecraft:deepslate_diamond_ore":65,"minecraft:end_stone":47,"minecraft:nether_bricks":16,"minecraft:ladder":1,"minecraft:spruce_fence":3,"minecraft:crimson_roots":3,"minecraft:spruce_leaves":110,"minecraft:red_mushroom":8,"minecraft:large_fern":38,"minecraft:furnace":4,"minecraft:nether_sprouts":3,"minecraft:andesite":77,"minecraft:peony":2,"minecraft:bookshelf":167,"minecraft:shroomlight":4,"minecraft:warped_stem":21,"minecraft:stone":502,"minecraft:bone_block":18,"minecraft:glass_pane":12,"minecraft:infested_stone_bricks":7,"minecraft:basalt":212,"minecraft:spruce_door":3,"minecraft:crafting_table":6,"minecraft:short_grass":25,"minecraft:warped_roots":8,"minecraft:deepslate_gold_ore":39,"minecraft:lapis_ore":20,"minecraft:diorite":67,"minecraft:blue_bed":12,"minecraft:warped_wart_block":4,"minecraft:spruce_stairs":2,"minecraft:purple_bed":9,"minecraft:cobblestone_wall":2,"minecraft:sweet_berry_bush":23,"minecraft:spruce_log":182,"minecraft:birch_leaves":6,"minecraft:coal_ore":65,"minecraft:gravel":51,"minecraft:cobweb":22,"minecraft:cracked_stone_bricks":11,"minecraft:stone_bricks":37,"minecraft:spruce_fence_gate":2,"minecraft:mossy_stone_bricks":32,"minecraft:gold_ore":16,"minecraft:fern":51},"minecraft:picked_up":{"minecraft:wheat":1,"minecraft:stone_brick_stairs":17,"minecraft:string":28,"minecraft:shroomlight":4,"minecraft:gold_nugget":39,"minecraft:cobbled_deepslate":358,"minecraft:spruce_planks":50,"minecraft:ender_eye":7,"minecraft:furnace":4,"minecraft:stick":80,"minecraft:composter":1,"minecraft:torch":64,"minecraft:acacia_log":1,"minecraft:porkchop":4,"minecraft:diorite":95,"minecraft:stone_sword":2,"minecraft:rotten_flesh":32,"minecraft:blaze_rod":11,"minecraft:obsidian":52,"minecraft:iron_bars":20,"minecraft:cobblestone":878,"minecraft:iron_door":1,"minecraft:andesite":83,"minecraft:potato":1,"minecraft:flint":8,"minecraft:tuff":30,"minecraft:dirt":553,"minecraft:lapis_lazuli":230,"minecraft:purple_carpet":3,"minecraft:bone":21,"minecraft:wheat_seeds":10,"minecraft:raw_gold":55,"minecraft:mossy_stone_bricks":30,"minecraft:fletching_table":4,"minecraft:oak_planks":14,"minecraft:cooked_porkchop":6,"minecraft:warped_wart_block":8,"minecraft:sand":4,"minecraft:mossy_cobblestone":13,"minecraft:spruce_fence_gate":2,"minecraft:diamond":64,"minecraft:spruce_boat":24,"minecraft:granite":9,"minecraft:spruce_sign":2,"minecraft:chainmail_helmet":2,"minecraft:bread":64,"minecraft:netherrack":1294,"minecraft:crimson_roots":4,"minecraft:diamond_pickaxe":1,"minecraft:end_stone_bricks":2,"minecraft:crafting_table":7,"minecraft:ladder":5,"minecraft:brown_mushroom":4,"minecraft:wooden_pickaxe":1,"minecraft:iron_axe":3,"minecraft:blackstone":86,"minecraft:cracked_stone_bricks":9,"minecraft:beef":8,"minecraft:poppy":3,"minecraft:spruce_slab":4,"minecraft:sugar_cane":3,"minecraft:chest":1,"minecraft:spruce_trapdoor":25,"minecraft:diamond_hoe":3,"minecraft:egg":5,"minecraft:raw_iron":109,"minecraft:end_stone":47,"minecraft:spruce_fence":3,"minecraft:arrow":8,"minecraft:peony":10,"minecraft:nether_bricks":16,"minecraft:mutton":5,"minecraft:bone_block":18,"minecraft:white_wool":4,"minecraft:basalt":211,"minecraft:leather":4,"minecraft:red_mushroom":67,"minecraft:crimson_fungus":1,"minecraft:oak_log":18,"minecraft:cobblestone_wall":2,"minecraft:cobblestone_stairs":2,"minecraft:blue_bed":14,"minecraft:cooked_mutton":3,"minecraft:stone_bricks":34,"minecraft:warped_stem":20,"minecraft:iron_ingot":29,"minecraft:iron_sword":1,"minecraft:book":501,"minecraft:warped_fungus":1,"minecraft:pumpkin":2,"minecraft:sweet_berries":57,"minecraft:quartz":27,"minecraft:gravel":63,"minecraft:spruce_sapling":22,"minecraft:white_bed":2,"minecraft:spruce_log":191,"minecraft:spider_eye":6,"minecraft:spruce_door":3,"minecraft:dragon_egg":1,"minecraft:diamond_shovel":1,"minecraft:purple_bed":10,"minecraft:stone_axe":10,"minecraft:chainmail_leggings":12,"minecraft:iron_helmet":10,"minecraft:diamond_axe":2,"minecraft:gray_wool":2,"minecraft:warped_roots":16,"minecraft:warped_nylium":9,"minecraft:coal":162,"minecraft:ender_pearl":42},"minecraft:killed_by":{"minecraft:creeper":1,"minecraft:iron_golem":2,"minecraft:ender_dragon":1},"minecraft:broken":{"minecraft:iron_shovel":1,"minecraft:iron_axe":1,"minecraft:iron_pickaxe":1,"minecraft:wooden_hoe":1},"minecraft:crafted":{"minecraft:grindstone":1,"minecraft:smooth_stone":6,"minecraft:oak_planks":72,"minecraft:chainmail_helmet":12,"minecraft:blaze_powder":18,"minecraft:stone":15,"minecraft:diamond_shovel":1,"minecraft:bookshelf":5,"minecraft:warped_planks":64,"minecraft:glass":217,"minecraft:diamond_helmet":2,"minecraft:diamond_leggings":2,"minecraft:bow":4,"minecraft:iron_boots":1,"minecraft:chest":4,"minecraft:ender_eye":17,"minecraft:emerald":300,"minecraft:diamond_axe":4,"minecraft:crafting_table":3,"minecraft:spruce_planks":820,"minecraft:wooden_pickaxe":1,"minecraft:iron_helmet":11,"minecraft:smithing_table":1,"minecraft:fletching_table":1,"minecraft:apple":24,"minecraft:spruce_trapdoor":6,"minecraft:iron_chestplate":1,"minecraft:wooden_hoe":2,"minecraft:diamond_pickaxe":3,"minecraft:stick":8772,"minecraft:stone_slab":6,"minecraft:iron_ingot":76,"minecraft:iron_pickaxe":2,"minecraft:gold_ingot":59,"minecraft:composter":3,"minecraft:spruce_fence_gate":2,"minecraft:smooth_stone_slab":6,"minecraft:iron_nugget":21,"minecraft:diamond_hoe":3,"minecraft:furnace":3,"minecraft:blast_furnace":1,"minecraft:mushroom_stew":4,"minecraft:bone_meal":87,"minecraft:spruce_fence":42,"minecraft:end_stone_bricks":44,"minecraft:flint_and_steel":2,"minecraft:iron_axe":4,"minecraft:ladder":3,"minecraft:spruce_slab":36,"minecraft:stone_pickaxe":2,"minecraft:diamond_boots":2,"minecraft:spruce_boat":4,"minecraft:chainmail_leggings":12,"minecraft:cooked_beef":3,"minecraft:diamond_sword":5,"minecraft:spruce_sign":3,"minecraft:enchanting_table":1,"minecraft:iron_sword":2,"minecraft:bowl":4,"minecraft:bucket":2,"minecraft:stone_axe":11,"minecraft:bread":252,"minecraft:air":0,"minecraft:white_wool":6,"minecraft:golden_apple":7,"minecraft:white_dye":4,"minecraft:iron_shovel":1,"minecraft:iron_leggings":1,"minecraft:white_bed":3,"minecraft:acacia_planks":4000,"minecraft:torch":20,"minecraft:diamond_chestplate":2},"minecraft:custom":{"minecraft:animals_bred":1,"minecraft:interact_with_crafting_table":81,"minecraft:leave_game":8,"minecraft:time_since_death":66065,"minecraft:sprint_one_cm":511983,"minecraft:drop":351,"minecraft:talked_to_villager":93,"minecraft:play_time":511094,"minecraft:deaths":4,"minecraft:jump":5647,"minecraft:walk_on_water_one_cm":24660,"minecraft:enchant_item":54,"minecraft:interact_with_furnace":147,"minecraft:traded_with_villager":416,"minecraft:sleep_in_bed":22,"minecraft:damage_dealt":24121,"minecraft:player_kills":1,"minecraft:crouch_one_cm":65826,"minecraft:mob_kills":113,"minecraft:interact_with_anvil":7,"minecraft:climb_one_cm":18825,"minecraft:walk_one_cm":1310943,"minecraft:sneak_time":17451,"minecraft:walk_under_water_one_cm":10076,"minecraft:boat_one_cm":159714,"minecraft:total_world_time":511094,"minecraft:interact_with_grindstone":32,"minecraft:time_since_rest":26998,"minecraft:damage_absorbed":381,"minecraft:damage_taken":4640,"minecraft:swim_one_cm":26750,"minecraft:fly_one_cm":851920,"minecraft:open_chest":233,"minecraft:fall_one_cm":121085},"minecraft:used":{"minecraft:peony":7,"minecraft:iron_shovel":250,"minecraft:spruce_slab":12,"minecraft:ladder":7,"minecraft:chest":5,"minecraft:iron_sword":142,"minecraft:rotten_flesh":5,"minecraft:nether_bricks":16,"minecraft:obsidian":55,"minecraft:spruce_boat":19,"minecraft:glass":228,"minecraft:villager_spawn_egg":2,"minecraft:stone_brick_stairs":9,"minecraft:stone_bricks":16,"minecraft:bow":184,"minecraft:furnace":6,"minecraft:egg":11,"minecraft:mossy_stone_bricks":30,"minecraft:diorite":8,"minecraft:end_stone_bricks":4,"minecraft:stone_pickaxe":149,"minecraft:oak_planks":23,"minecraft:ender_pearl":22,"minecraft:wooden_pickaxe":21,"minecraft:composter":4,"minecraft:blue_bed":14,"minecraft:diamond_axe":451,"minecraft:sugar_cane":1,"minecraft:golden_apple":14,"minecraft:mushroom_stew":4,"minecraft:blast_furnace":1,"minecraft:bread":53,"minecraft:gravel":7,"minecraft:diamond_sword":191,"minecraft:grindstone":1,"minecraft:smithing_table":1,"minecraft:andesite":15,"minecraft:bone_meal":16,"minecraft:oak_trapdoor":6,"minecraft:enchanting_table":1,"minecraft:acacia_log":1,"minecraft:flint_and_steel":6,"minecraft:spruce_planks":142,"minecraft:netherrack":789,"minecraft:torch":72,"minecraft:dirt":262,"minecraft:anvil":1,"minecraft:salmon_bucket":1,"minecraft:spruce_fence":28,"minecraft:bookshelf":17,"minecraft:iron_axe":320,"minecraft:podzol":1,"minecraft:cooked_beef":3,"minecraft:cobbled_deepslate":36,"minecraft:pumpkin":1,"minecraft:wheat_seeds":60,"minecraft:water_bucket":48,"minecraft:spruce_sign":5,"minecraft:fletching_table":6,"minecraft:spruce_fence_gate":4,"minecraft:cracked_stone_bricks":1,"minecraft:mossy_cobblestone":1,"minecraft:crafting_table":6,"minecraft:red_mushroom":5,"minecraft:white_bed":4,"minecraft:warped_planks":64,"minecraft:wooden_hoe":104,"minecraft:ender_eye":23,"minecraft:diamond_pickaxe":3071,"minecraft:diamond_shovel":67,"minecraft:iron_pickaxe":450,"minecraft:spruce_trapdoor":6,"minecraft:spruce_sapling":2,"minecraft:stone_axe":45,"minecraft:cobblestone":87,"minecraft:purple_bed":10,"minecraft:cooked_porkchop":1,"minecraft:bucket":50},"minecraft:killed":{"minecraft:zombified_piglin":1,"minecraft:spider":6,"minecraft:skeleton":6,"minecraft:silverfish":6,"minecraft:magma_cube":2,"minecraft:piglin":8,"minecraft:pig":1,"minecraft:iron_golem":2,"minecraft:ender_dragon":1,"minecraft:sheep":3,"minecraft:zombie":27,"minecraft:blaze":7,"minecraft:cow":3,"minecraft:wither_skeleton":6,"minecraft:villager":2,"minecraft:enderman":22},"minecraft:dropped":{"minecraft:iron_sword":2,"minecraft:warped_stem":4,"minecraft:diamond_axe":3,"minecraft:warped_fungus":1,"minecraft:crafting_table":3,"minecraft:warped_roots":16,"minecraft:flint":2,"minecraft:dirt":1,"minecraft:mutton":5,"minecraft:crimson_roots":4,"minecraft:bone":28,"minecraft:gravel":1,"minecraft:crimson_fungus":1,"minecraft:stone_axe":21,"minecraft:blackstone":54,"minecraft:wheat":1,"minecraft:rotten_flesh":5,"minecraft:oak_planks":12,"minecraft:diamond_shovel":1,"minecraft:white_dye":1,"minecraft:basalt":76,"minecraft:warped_wart_block":8,"minecraft:stone_brick_stairs":8,"minecraft:netherrack":450,"minecraft:iron_ingot":43,"minecraft:bread":417,"minecraft:mossy_cobblestone":4,"minecraft:diamond_leggings":1,"minecraft:iron_helmet":10,"minecraft:cobblestone":50,"minecraft:spruce_door":1,"minecraft:chainmail_helmet":12,"minecraft:golden_apple":32,"minecraft:coal":46,"minecraft:stick":67,"minecraft:torch":6,"minecraft:iron_door":1,"minecraft:diamond_helmet":1,"minecraft:pumpkin":1,"minecraft:iron_axe":4,"minecraft:chainmail_leggings":12,"minecraft:string":2,"minecraft:warped_nylium":9,"minecraft:stone_sword":2,"minecraft:diamond_hoe":5,"minecraft:tuff":3,"minecraft:ender_eye":1,"minecraft:diamond_sword":1,"minecraft:shroomlight":4,"minecraft:diamond_chestplate":1,"minecraft:peony":3,"minecraft:spruce_trapdoor":3,"minecraft:spruce_planks":7,"minecraft:diamond_pickaxe":2,"minecraft:andesite":7,"minecraft:spruce_log":5,"minecraft:diamond_boots":1,"minecraft:stone_pickaxe":2}},"DataVersion":3700}