{"stats":{"minecraft:broken":{"minecraft:iron_shovel":2,"minecraft:stone_pickaxe":3,"minecraft:stone_shovel":5},"minecraft:used":{"minecraft:peony":59,"minecraft:iron_shovel":713,"minecraft:stone_shovel":717,"minecraft:poppy":1,"minecraft:diamond_hoe":51,"minecraft:chest":28,"minecraft:spruce_planks":9,"minecraft:iron_sword":31,"minecraft:spruce_leaves":2,"minecraft:torch":97,"minecraft:dirt":660,"minecraft:hopper":3,"minecraft:chorus_flower":6,"minecraft:shulker_box":1,"minecraft:spruce_fence":166,"minecraft:spruce_boat":8,"minecraft:glass":276,"minecraft:iron_axe":41,"minecraft:totem_of_undying":1,"minecraft:item_frame":6,"minecraft:sweet_berries":75,"minecraft:furnace":1,"minecraft:egg":32,"minecraft:cooked_beef":5,"minecraft:potato":61,"minecraft:wheat_seeds":27,"minecraft:water_bucket":20,"minecraft:spruce_door":4,"minecraft:chorus_fruit":2,"minecraft:stone_pickaxe":391,"minecraft:baked_potato":47,"minecraft:spruce_fence_gate":4,"minecraft:ender_pearl":2,"minecraft:sugar_cane":79,"minecraft:diamond_axe":258,"minecraft:fletching_table":3,"minecraft:blue_bed":2,"minecraft:cobblestone_slab":26,"minecraft:golden_apple":8,"minecraft:sand":2,"minecraft:crafting_table":5,"minecraft:crossbow":3,"minecraft:smoker":1,"minecraft:white_bed":6,"minecraft:end_stone":66,"minecraft:shears":5,"minecraft:spruce_log":27,"minecraft:diamond_pickaxe":230,"minecraft:bread":26,"minecraft:iron_pickaxe":165,"minecraft:lectern":1,"minecraft:spruce_sapling":64,"minecraft:stone_axe":95,"minecraft:fishing_rod":34,"minecraft:diamond_sword":270,"minecraft:purple_bed":2,"minecraft:cobblestone":115,"minecraft:bucket":20,"minecraft:pumpkin_pie":3,"minecraft:purple_carpet":1,"minecraft:bone_meal":30},"minecraft:killed_by":{"minecraft:player":2,"minecraft:vindicator":3,"minecraft:skeleton":3,"minecraft:zombie":1,"minecraft:vex":1},"minecraft:custom":{"minecraft:mob_kills":52,"minecraft:animals_bred":1,"minecraft:interact_with_crafting_table":76,"minecraft:open_shulker_box":5,"minecraft:leave_game":2,"minecraft:time_since_death":119805,"minecraft:climb_one_cm":4173,"minecraft:sprint_one_cm":843246,"minecraft:walk_one_cm":1731031,"minecraft:drop":39,"minecraft:talked_to_villager":29,"minecraft:play_time":807078,"minecraft:deaths":13,"minecraft:sneak_time":5914,"minecraft:walk_under_water_one_cm":25176,"minecraft:boat_one_cm":67631,"minecraft:jump":8114,"minecraft:walk_on_water_one_cm":46420,"minecraft:enchant_item":2,"minecraft:total_world_time":807078,"minecraft:interact_with_furnace":59,"minecraft:traded_with_villager":3,"minecraft:sleep_in_bed":49,"minecraft:time_since_rest":2041,"minecraft:damage_taken":7514,"minecraft:damage_absorbed":240,"minecraft:damage_dealt":9749,"minecraft:swim_one_cm":43691,"minecraft:fly_one_cm":1100521,"minecraft:open_chest":327,"minecraft:crouch_one_cm":14001,"minecraft:aviate_one_cm":2606,"minecraft:fish_caught":12,"minecraft:interact_with_smoker":5,"minecraft:fall_one_cm":161282},"minecraft:mined":{"minecraft:spruce_planks":3,"minecraft:white_bed":6,"minecraft:mossy_cobblestone":3,"minecraft:shulker_box":1,"minecraft:end_stone":131,"minecraft:carved_pumpkin":1,"minecraft:obsidian":14,"minecraft:granite":18,"minecraft:spruce_fence":47,"minecraft:grass_block":291,"minecraft:spruce_leaves":110,"minecraft:kelp":3,"minecraft:large_fern":18,"minecraft:chorus_flower":21,"minecraft:spruce_sapling":4,"minecraft:iron_ore":1,"minecraft:andesite":1,"minecraft:stripped_spruce_log":4,"minecraft:pumpkin":11,"minecraft:fletching_table":2,"minecraft:peony":44,"minecraft:potatoes":46,"minecraft:cobblestone_slab":3,"minecraft:dirt_path":16,"minecraft:chorus_plant":20,"minecraft:stone":377,"minecraft:glass_pane":7,"minecraft:lily_of_the_valley":2,"minecraft:dandelion":3,"minecraft:smoker":1,"minecraft:spruce_door":1,"minecraft:clay":1,"minecraft:crafting_table":2,"minecraft:short_grass":32,"minecraft:poppy":9,"minecraft:chest":10,"minecraft:lectern":2,"minecraft:tall_grass":14,"minecraft:glass":13,"minecraft:cobblestone":80,"minecraft:sugar_cane":45,"minecraft:oak_planks":2,"minecraft:diorite":32,"minecraft:wall_torch":5,"minecraft:blue_bed":4,"minecraft:purple_bed":3,"minecraft:wheat":12,"minecraft:sweet_berry_bush":14,"minecraft:lilac":11,"minecraft:spruce_log":271,"minecraft:birch_leaves":6,"minecraft:coal_ore":61,"minecraft:gravel":37,"minecraft:sand":555,"minecraft:dirt":680,"minecraft:spruce_fence_gate":1,"minecraft:oak_leaves":9,"minecraft:fern":16},"minecraft:dropped":{"minecraft:bread":54,"minecraft:wheat_seeds":1,"minecraft:saddle":3,"minecraft:golden_apple":18,"minecraft:blue_bed":2,"minecraft:sweet_berries":2,"minecraft:raw_iron":1,"minecraft:totem_of_undying":2,"minecraft:white_bed":1,"minecraft:diamond_sword":2,"minecraft:potato":1,"minecraft:diamond_pickaxe":1,"minecraft:ladder":7,"minecraft:purple_bed":1},"minecraft:crafted":{"minecraft:stone_shovel":6,"minecraft:cobblestone_slab":24,"minecraft:fishing_rod":1,"minecraft:tripwire_hook":6,"minecraft:furnace":2,"minecraft:bone_meal":36,"minecraft:spruce_fence":111,"minecraft:shulker_box":1,"minecraft:glass":276,"minecraft:hopper":4,"minecraft:iron_boots":1,"minecraft:iron_axe":1,"minecraft:ladder":6,"minecraft:stone_pickaxe":3,"minecraft:chest":23,"minecraft:spruce_boat":5,"minecraft:smoker":1,"minecraft:cooked_beef":5,"minecraft:sugar":3,"minecraft:coal_block":3,"minecraft:red_dye":2,"minecraft:item_frame":1,"minecraft:crossbow":4,"minecraft:emerald":3,"minecraft:crafting_table":2,"minecraft:spruce_planks":572,"minecraft:baked_potato":49,"minecraft:iron_helmet":1,"minecraft:spruce_door":3,"minecraft:fletching_table":2,"minecraft:stone_axe":1,"minecraft:white_wool":6,"minecraft:iron_chestplate":1,"minecraft:white_dye":2,"minecraft:stick":252,"minecraft:iron_pickaxe":2,"minecraft:iron_ingot":18,"minecraft:iron_block":2,"minecraft:iron_shovel":5,"minecraft:iron_leggings":1,"minecraft:white_bed":2,"minecraft:pumpkin_pie":3,"minecraft:torch":44,"minecraft:spruce_fence_gate":3,"minecraft:shears":1},"minecraft:killed":{"minecraft:vex":1,"minecraft:vindicator":1,"minecraft:spider":5,"minecraft:skeleton":3,"minecraft:fox":1,"minecraft:drowned":5,"minecraft:creeper":1,"minecraft:ravager":1,"minecraft:pillager":8,"minecraft:zombie":12,"minecraft:stray":1,"minecraft:cow":1,"minecraft:enderman":5},"minecraft:picked_up":{"minecraft:shulker_shell":8,"minecraft:spruce_leaves":4,"minecraft:crafting_table":3,"minecraft:wheat":12,"minecraft:chicken":3,"minecraft:ladder":3,"minecraft:clay_ball":4,"minecraft:diamond_sword":3,"minecraft:lead":1,"minecraft:potion":1,"minecraft:dragon_head":1,"minecraft:brewing_stand":2,"minecraft:string":5,"minecraft:elytra":1,"minecraft:iron_axe":1,"minecraft:item_frame":6,"minecraft:pufferfish":1,"minecraft:shroomlight":4,"minecraft:diamond_leggings":1,"minecraft:spruce_planks":123,"minecraft:cobblestone_slab":4,"minecraft:ender_eye":1,"minecraft:poppy":11,"minecraft:lectern":2,"minecraft:sugar_cane":80,"minecraft:chest":10,"minecraft:diamond_hoe":2,"minecraft:egg":15,"minecraft:golden_helmet":1,"minecraft:stick":34,"minecraft:raw_iron":1,"minecraft:end_stone":131,"minecraft:copper_ingot":1,"minecraft:torch":65,"minecraft:purpur_pillar":3,"minecraft:spruce_stairs":2,"minecraft:spruce_fence":47,"minecraft:diorite":32,"minecraft:carrot":1,"minecraft:redstone":3,"minecraft:golden_chestplate":1,"minecraft:rotten_flesh":28,"minecraft:arrow":6,"minecraft:diamond_chestplate":1,"minecraft:beetroot_seeds":4,"minecraft:peony":74,"minecraft:diamond_boots":2,"minecraft:purpur_slab":3,"minecraft:carved_pumpkin":1,"minecraft:saddle":8,"minecraft:end_rod":3,"minecraft:chorus_flower":20,"minecraft:totem_of_undying":3,"minecraft:obsidian":14,"minecraft:cod":7,"minecraft:cobblestone":505,"minecraft:lilac":11,"minecraft:leather_chestplate":1,"minecraft:feather":3,"minecraft:cooked_beef":3,"minecraft:salmon":49,"minecraft:andesite":8,"minecraft:leather":3,"minecraft:smoker":1,"minecraft:potato":169,"minecraft:flint":4,"minecraft:crimson_fungus":1,"minecraft:purpur_stairs":1,"minecraft:gunpowder":2,"minecraft:cobblestone_wall":3,"minecraft:cobblestone_stairs":1,"minecraft:dirt":1095,"minecraft:blue_bed":4,"minecraft:white_banner":3,"minecraft:purple_carpet":4,"minecraft:red_carpet":3,"minecraft:bone":37,"minecraft:kelp":3,"minecraft:wheat_seeds":41,"minecraft:warped_stem":4,"minecraft:iron_ingot":34,"minecraft:stone_pickaxe":2,"minecraft:diamond_helmet":1,"minecraft:fletching_table":2,"minecraft:rabbit":1,"minecraft:glass_bottle":1,"minecraft:iron_sword":1,"minecraft:oak_planks":13,"minecraft:warped_fungus":1,"minecraft:pumpkin":10,"minecraft:sweet_berries":304,"minecraft:lily_of_the_valley":2,"minecraft:dandelion":3,"minecraft:poisonous_potato":1,"minecraft:gravel":33,"minecraft:sand":555,"minecraft:stripped_spruce_log":4,"minecraft:spruce_sapling":64,"minecraft:white_bed":6,"minecraft:spruce_log":266,"minecraft:leather_helmet":1,"minecraft:dark_oak_log":3,"minecraft:spider_eye":2,"minecraft:spruce_door":1,"minecraft:shulker_box":1,"minecraft:mossy_cobblestone":2,"minecraft:spruce_fence_gate":1,"minecraft:pumpkin_seeds":4,"minecraft:purple_bed":3,"minecraft:sugar":2,"minecraft:diamond":8,"minecraft:stone_axe":1,"minecraft:spruce_boat":3,"minecraft:granite":18,"minecraft:crossbow":2,"minecraft:diamond_axe":1,"minecraft:golden_apple":51,"minecraft:chainmail_helmet":6,"minecraft:bread":96,"minecraft:emerald":4,"minecraft:oak_sapling":1,"minecraft:chorus_fruit":107,"minecraft:melon_seeds":4,"minecraft:warped_nylium":4,"minecraft:dark_oak_fence":3,"minecraft:coal":75,"minecraft:end_stone_bricks":2,"minecraft:ender_pearl":3,"minecraft:diamond_pickaxe":2}},"DataVersion":3700}