{"stats":{"minecraft:broken":{"minecraft:iron_shovel":2,"minecraft:stone_pickaxe":3,"minecraft:stone_shovel":5},"minecraft:used":{"minecraft:peony":59,"minecraft:moss_block":3,"minecraft:moss_carpet":1,"minecraft:iron_shovel":713,"minecraft:diamond_hoe":134,"minecraft:poppy":2,"minecraft:chest":30,"minecraft:iron_sword":31,"minecraft:spruce_leaves":2,"minecraft:lily_of_the_valley":2,"minecraft:carrot":79,"minecraft:spruce_boat":8,"minecraft:glass":276,"minecraft:item_frame":6,"minecraft:bow":8,"minecraft:sweet_berries":121,"minecraft:furnace":2,"minecraft:egg":32,"minecraft:potato":76,"minecraft:diorite":12,"minecraft:spruce_door":4,"minecraft:chorus_fruit":2,"minecraft:stone_pickaxe":391,"minecraft:ender_pearl":2,"minecraft:blue_bed":2,"minecraft:diamond_axe":403,"minecraft:sugar_cane":81,"minecraft:golden_apple":12,"minecraft:glow_berries":1,"minecraft:sand":2,"minecraft:crossbow":3,"minecraft:shears":5,"minecraft:end_stone":66,"minecraft:pumpkin_seeds":4,"minecraft:bread":28,"minecraft:lectern":1,"minecraft:diamond_sword":355,"minecraft:andesite":2,"minecraft:bone_meal":53,"minecraft:stone_shovel":722,"minecraft:spruce_planks":9,"minecraft:torch":131,"minecraft:dirt":728,"minecraft:chorus_flower":6,"minecraft:hopper":3,"minecraft:stone_stairs":51,"minecraft:shulker_box":2,"minecraft:spruce_fence":166,"minecraft:iron_axe":41,"minecraft:totem_of_undying":1,"minecraft:melon_seeds":4,"minecraft:cooked_beef":6,"minecraft:wheat_seeds":79,"minecraft:water_bucket":32,"minecraft:baked_potato":49,"minecraft:fletching_table":3,"minecraft:stonecutter":1,"minecraft:cobblestone_slab":26,"minecraft:spruce_fence_gate":4,"minecraft:crafting_table":6,"minecraft:white_bed":6,"minecraft:spruce_log":28,"minecraft:smoker":1,"minecraft:diamond_pickaxe":633,"minecraft:iron_pickaxe":165,"minecraft:spruce_sapling":73,"minecraft:stone_axe":95,"minecraft:fishing_rod":34,"minecraft:cobblestone":115,"minecraft:purple_bed":2,"minecraft:bucket":46,"minecraft:pumpkin_pie":3,"minecraft:purple_carpet":1},"minecraft:killed_by":{"minecraft:vindicator":3,"minecraft:zombie":1,"minecraft:vex":1,"minecraft:player":2,"minecraft:skeleton":3},"minecraft:custom":{"minecraft:animals_bred":1,"minecraft:interact_with_crafting_table":88,"minecraft:open_shulker_box":18,"minecraft:leave_game":9,"minecraft:time_since_death":542706,"minecraft:sprint_one_cm":1055178,"minecraft:drop":46,"minecraft:talked_to_villager":33,"minecraft:play_time":1229979,"minecraft:deaths":13,"minecraft:jump":10727,"minecraft:walk_on_water_one_cm":68236,"minecraft:enchant_item":2,"minecraft:interact_with_furnace":82,"minecraft:traded_with_villager":17,"minecraft:sleep_in_bed":74,"minecraft:damage_dealt":13780,"minecraft:crouch_one_cm":14676,"minecraft:interact_with_smoker":5,"minecraft:mob_kills":76,"minecraft:interact_with_anvil":3,"minecraft:climb_one_cm":7431,"minecraft:walk_one_cm":2231908,"minecraft:damage_dealt_absorbed":11,"minecraft:sneak_time":6382,"minecraft:walk_under_water_one_cm":34052,"minecraft:boat_one_cm":67631,"minecraft:total_world_time":1229979,"minecraft:interact_with_stonecutter":2,"minecraft:time_since_rest":5995,"minecraft:damage_taken":8184,"minecraft:damage_absorbed":308,"minecraft:swim_one_cm":52336,"minecraft:fly_one_cm":1339483,"minecraft:open_chest":513,"minecraft:aviate_one_cm":2606,"minecraft:fish_caught":12,"minecraft:fall_one_cm":202360},"minecraft:mined":{"minecraft:spruce_planks":3,"minecraft:white_bed":6,"minecraft:carved_pumpkin":1,"minecraft:obsidian":14,"minecraft:granite":27,"minecraft:grass_block":299,"minecraft:chorus_flower":21,"minecraft:iron_ore":36,"minecraft:pumpkin":27,"minecraft:moss_carpet":1,"minecraft:fletching_table":2,"minecraft:deepslate_lapis_ore":3,"minecraft:cave_vines":1,"minecraft:dirt_path":16,"minecraft:azalea_leaves":2,"minecraft:azalea":1,"minecraft:deepslate_redstone_ore":2,"minecraft:smoker":1,"minecraft:clay":6,"minecraft:poppy":10,"minecraft:chest":10,"minecraft:glass":13,"minecraft:cobblestone":80,"minecraft:sugar_cane":124,"minecraft:oak_planks":2,"minecraft:wall_torch":13,"minecraft:stone_stairs":2,"minecraft:wheat":43,"minecraft:lilac":11,"minecraft:oak_log":6,"minecraft:sand":555,"minecraft:dirt":690,"minecraft:oak_leaves":9,"minecraft:deepslate":5,"minecraft:mossy_cobblestone":3,"minecraft:deepslate_diamond_ore":2,"minecraft:jack_o_lantern":1,"minecraft:end_stone":131,"minecraft:shulker_box":1,"minecraft:spruce_fence":48,"minecraft:spruce_leaves":124,"minecraft:kelp":3,"minecraft:moss_block":5,"minecraft:rooted_dirt":35,"minecraft:large_fern":19,"minecraft:spore_blossom":1,"minecraft:spruce_sapling":7,"minecraft:carrots":24,"minecraft:andesite":13,"minecraft:stripped_spruce_log":4,"minecraft:peony":44,"minecraft:potatoes":76,"minecraft:cobblestone_slab":3,"minecraft:deepslate_iron_ore":8,"minecraft:chorus_plant":20,"minecraft:stone":594,"minecraft:flowering_azalea":7,"minecraft:glass_pane":7,"minecraft:lily_of_the_valley":4,"minecraft:dandelion":3,"minecraft:spruce_door":1,"minecraft:crafting_table":2,"minecraft:short_grass":42,"minecraft:lectern":2,"minecraft:tall_grass":17,"minecraft:copper_ore":13,"minecraft:lapis_ore":2,"minecraft:blue_bed":4,"minecraft:diorite":47,"minecraft:big_dripleaf":2,"minecraft:purple_bed":3,"minecraft:sweet_berry_bush":16,"minecraft:spruce_log":388,"minecraft:birch_leaves":6,"minecraft:coal_ore":107,"minecraft:gravel":37,"minecraft:spruce_fence_gate":1,"minecraft:small_dripleaf":1,"minecraft:gold_ore":5,"minecraft:fern":16},"minecraft:dropped":{"minecraft:saddle":3,"minecraft:blue_bed":2,"minecraft:white_bed":1,"minecraft:ladder":7,"minecraft:bread":54,"minecraft:wheat_seeds":1,"minecraft:lead":2,"minecraft:golden_apple":18,"minecraft:sweet_berries":2,"minecraft:raw_iron":1,"minecraft:name_tag":1,"minecraft:totem_of_undying":2,"minecraft:lily_of_the_valley":2,"minecraft:diamond_sword":3,"minecraft:potato":1,"minecraft:diamond_pickaxe":2,"minecraft:purple_bed":1},"minecraft:crafted":{"minecraft:oak_planks":24,"minecraft:cobblestone_slab":24,"minecraft:stone":59,"minecraft:shulker_box":1,"minecraft:glass":276,"minecraft:hopper":4,"minecraft:iron_boots":1,"minecraft:chest":25,"minecraft:smoker":1,"minecraft:item_frame":1,"minecraft:emerald":17,"minecraft:crafting_table":3,"minecraft:spruce_planks":808,"minecraft:baked_potato":49,"minecraft:iron_helmet":1,"minecraft:spruce_door":3,"minecraft:clock":1,"minecraft:fletching_table":2,"minecraft:pumpkin_seeds":4,"minecraft:iron_chestplate":1,"minecraft:paper":3,"minecraft:charcoal":65,"minecraft:stick":692,"minecraft:iron_ingot":60,"minecraft:iron_pickaxe":2,"minecraft:iron_block":2,"minecraft:gold_ingot":5,"minecraft:spruce_fence_gate":3,"minecraft:shears":1,"minecraft:stone_shovel":6,"minecraft:fishing_rod":1,"minecraft:tripwire_hook":6,"minecraft:furnace":3,"minecraft:bone_meal":63,"minecraft:spruce_fence":111,"minecraft:iron_axe":1,"minecraft:ladder":6,"minecraft:stone_pickaxe":3,"minecraft:spruce_boat":5,"minecraft:dark_oak_planks":12,"minecraft:cooked_beef":5,"minecraft:coal_block":3,"minecraft:sugar":3,"minecraft:red_dye":2,"minecraft:crossbow":4,"minecraft:bucket":13,"minecraft:stone_axe":1,"minecraft:air":0,"minecraft:white_wool":6,"minecraft:white_dye":2,"minecraft:iron_shovel":5,"minecraft:iron_leggings":1,"minecraft:stonecutter":1,"minecraft:white_bed":2,"minecraft:pumpkin_pie":3,"minecraft:torch":132},"minecraft:killed":{"minecraft:spider":5,"minecraft:skeleton":7,"minecraft:fox":1,"minecraft:tropical_fish":1,"minecraft:salmon":1,"minecraft:creeper":1,"minecraft:pillager":8,"minecraft:zombie":26,"minecraft:stray":1,"minecraft:cow":1,"minecraft:vex":1,"minecraft:vindicator":1,"minecraft:drowned":5,"minecraft:bat":1,"minecraft:ravager":1,"minecraft:enderman":5},"minecraft:picked_up":{"minecraft:shulker_shell":8,"minecraft:wheat":42,"minecraft:lead":2,"minecraft:diamond_sword":4,"minecraft:potion":1,"minecraft:brewing_stand":2,"minecraft:string":5,"minecraft:raw_copper":41,"minecraft:cooked_salmon":1,"minecraft:pufferfish":1,"minecraft:shroomlight":4,"minecraft:diamond_leggings":1,"minecraft:cobbled_deepslate":7,"minecraft:spruce_planks":123,"minecraft:cobblestone_slab":4,"minecraft:ender_eye":1,"minecraft:azalea":2,"minecraft:golden_helmet":1,"minecraft:stick":38,"minecraft:big_dripleaf":11,"minecraft:torch":75,"minecraft:purpur_pillar":3,"minecraft:spruce_stairs":2,"minecraft:diorite":47,"minecraft:golden_chestplate":1,"minecraft:rotten_flesh":42,"minecraft:tropical_fish":6,"minecraft:carved_pumpkin":1,"minecraft:end_rod":3,"minecraft:chorus_flower":20,"minecraft:obsidian":14,"minecraft:cod":7,"minecraft:cobblestone":726,"minecraft:leather_chestplate":1,"minecraft:cooked_beef":3,"minecraft:feather":3,"minecraft:lilac":11,"minecraft:andesite":20,"minecraft:golden_leggings":1,"minecraft:smoker":1,"minecraft:potato":280,"minecraft:flint":4,"minecraft:dirt":1114,"minecraft:lapis_lazuli":33,"minecraft:purple_carpet":4,"minecraft:bone":41,"minecraft:wheat_seeds":119,"minecraft:raw_gold":5,"minecraft:rabbit":1,"minecraft:fletching_table":2,"minecraft:diamond_helmet":1,"minecraft:moss_block":11,"minecraft:oak_planks":13,"minecraft:poisonous_potato":2,"minecraft:sand":555,"minecraft:stripped_spruce_log":4,"minecraft:lily_of_the_valley":6,"minecraft:dark_oak_log":3,"minecraft:shulker_box":1,"minecraft:mossy_cobblestone":2,"minecraft:spruce_fence_gate":1,"minecraft:sugar":2,"minecraft:diamond":10,"minecraft:spruce_boat":3,"minecraft:crossbow":2,"minecraft:granite":27,"minecraft:golden_apple":51,"minecraft:emerald":4,"minecraft:chainmail_helmet":6,"minecraft:bread":96,"minecraft:jack_o_lantern":1,"minecraft:rooted_dirt":35,"minecraft:oak_sapling":1,"minecraft:chorus_fruit":107,"minecraft:dark_oak_fence":3,"minecraft:diamond_pickaxe":3,"minecraft:end_stone_bricks":2,"minecraft:spruce_leaves":4,"minecraft:crafting_table":3,"minecraft:chicken":3,"minecraft:ladder":3,"minecraft:clay_ball":182,"minecraft:leather_leggings":1,"minecraft:brown_mushroom":1,"minecraft:dragon_head":1,"minecraft:moss_carpet":2,"minecraft:elytra":1,"minecraft:stone_stairs":2,"minecraft:iron_axe":1,"minecraft:item_frame":6,"minecraft:poppy":12,"minecraft:lectern":2,"minecraft:sugar_cane":224,"minecraft:chest":10,"minecraft:diamond_hoe":2,"minecraft:egg":15,"minecraft:raw_iron":43,"minecraft:end_stone":131,"minecraft:copper_ingot":1,"minecraft:spruce_fence":48,"minecraft:carrot":84,"minecraft:redstone":13,"minecraft:arrow":10,"minecraft:diamond_chestplate":1,"minecraft:beetroot_seeds":4,"minecraft:peony":74,"minecraft:diamond_boots":2,"minecraft:purpur_slab":3,"minecraft:saddle":8,"minecraft:totem_of_undying":3,"minecraft:glow_berries":4,"minecraft:salmon":49,"minecraft:leather":3,"minecraft:crimson_fungus":1,"minecraft:purpur_stairs":1,"minecraft:oak_log":6,"minecraft:cobblestone_wall":3,"minecraft:gunpowder":2,"minecraft:cobblestone_stairs":1,"minecraft:blue_bed":4,"minecraft:white_banner":3,"minecraft:red_carpet":3,"minecraft:kelp":3,"minecraft:warped_stem":4,"minecraft:spore_blossom":1,"minecraft:stone_pickaxe":2,"minecraft:iron_ingot":35,"minecraft:glass_bottle":1,"minecraft:iron_sword":1,"minecraft:flowering_azalea":6,"minecraft:warped_fungus":1,"minecraft:pumpkin":26,"minecraft:sweet_berries":361,"minecraft:quartz":20,"minecraft:dandelion":3,"minecraft:gravel":33,"minecraft:spruce_sapling":73,"minecraft:white_bed":6,"minecraft:spruce_log":383,"minecraft:spider_eye":3,"minecraft:spruce_door":1,"minecraft:leather_helmet":1,"minecraft:pumpkin_seeds":4,"minecraft:purple_bed":3,"minecraft:stone_axe":1,"minecraft:diamond_axe":1,"minecraft:melon_seeds":4,"minecraft:warped_nylium":4,"minecraft:coal":121,"minecraft:ender_pearl":3}},"DataVersion":3700}