{"stats":{"minecraft:broken":{"minecraft:iron_shovel":1,"minecraft:stone_pickaxe":3,"minecraft:stone_shovel":5},"minecraft:picked_up":{"minecraft:shulker_shell":8,"minecraft:spruce_leaves":4,"minecraft:crafting_table":3,"minecraft:wheat":12,"minecraft:ladder":3,"minecraft:chicken":3,"minecraft:clay_ball":4,"minecraft:diamond_sword":3,"minecraft:lead":1,"minecraft:potion":1,"minecraft:dragon_head":1,"minecraft:brewing_stand":2,"minecraft:string":4,"minecraft:elytra":1,"minecraft:iron_axe":1,"minecraft:item_frame":6,"minecraft:pufferfish":1,"minecraft:shroomlight":4,"minecraft:diamond_leggings":1,"minecraft:spruce_planks":123,"minecraft:cobblestone_slab":4,"minecraft:ender_eye":1,"minecraft:poppy":3,"minecraft:lectern":2,"minecraft:sugar_cane":80,"minecraft:chest":10,"minecraft:diamond_hoe":2,"minecraft:egg":15,"minecraft:golden_helmet":1,"minecraft:stick":32,"minecraft:raw_iron":1,"minecraft:end_stone":131,"minecraft:copper_ingot":1,"minecraft:torch":62,"minecraft:purpur_pillar":3,"minecraft:spruce_stairs":2,"minecraft:spruce_fence":47,"minecraft:diorite":32,"minecraft:carrot":1,"minecraft:redstone":3,"minecraft:golden_chestplate":1,"minecraft:diamond_chestplate":1,"minecraft:arrow":6,"minecraft:rotten_flesh":26,"minecraft:beetroot_seeds":4,"minecraft:peony":74,"minecraft:diamond_boots":2,"minecraft:purpur_slab":3,"minecraft:carved_pumpkin":1,"minecraft:totem_of_undying":3,"minecraft:saddle":8,"minecraft:end_rod":3,"minecraft:chorus_flower":7,"minecraft:obsidian":7,"minecraft:cod":7,"minecraft:cobblestone":505,"minecraft:leather_chestplate":1,"minecraft:feather":3,"minecraft:andesite":8,"minecraft:salmon":49,"minecraft:leather":3,"minecraft:smoker":1,"minecraft:potato":169,"minecraft:flint":4,"minecraft:crimson_fungus":1,"minecraft:purpur_stairs":1,"minecraft:cobblestone_wall":3,"minecraft:gunpowder":2,"minecraft:cobblestone_stairs":1,"minecraft:dirt":607,"minecraft:blue_bed":4,"minecraft:white_banner":3,"minecraft:purple_carpet":4,"minecraft:red_carpet":3,"minecraft:bone":37,"minecraft:wheat_seeds":37,"minecraft:warped_stem":4,"minecraft:iron_ingot":34,"minecraft:stone_pickaxe":2,"minecraft:rabbit":1,"minecraft:diamond_helmet":1,"minecraft:fletching_table":2,"minecraft:glass_bottle":1,"minecraft:oak_planks":13,"minecraft:iron_sword":1,"minecraft:warped_fungus":1,"minecraft:pumpkin":10,"minecraft:sweet_berries":304,"minecraft:poisonous_potato":1,"minecraft:gravel":33,"minecraft:sand":555,"minecraft:dark_oak_log":3,"minecraft:stripped_spruce_log":4,"minecraft:spruce_sapling":56,"minecraft:white_bed":6,"minecraft:spruce_log":248,"minecraft:shulker_box":1,"minecraft:spruce_door":1,"minecraft:spider_eye":2,"minecraft:mossy_cobblestone":2,"minecraft:leather_helmet":1,"minecraft:spruce_fence_gate":1,"minecraft:pumpkin_seeds":4,"minecraft:purple_bed":3,"minecraft:sugar":2,"minecraft:diamond":8,"minecraft:spruce_boat":3,"minecraft:stone_axe":1,"minecraft:crossbow":2,"minecraft:granite":18,"minecraft:diamond_axe":1,"minecraft:emerald":4,"minecraft:golden_apple":51,"minecraft:dark_oak_fence":3,"minecraft:bread":96,"minecraft:chainmail_helmet":6,"minecraft:warped_nylium":4,"minecraft:oak_sapling":1,"minecraft:chorus_fruit":68,"minecraft:melon_seeds":4,"minecraft:coal":75,"minecraft:diamond_pickaxe":1,"minecraft:ender_pearl":3,"minecraft:end_stone_bricks":2},"minecraft:custom":{"minecraft:mob_kills":45,"minecraft:animals_bred":1,"minecraft:interact_with_crafting_table":68,"minecraft:open_shulker_box":5,"minecraft:leave_game":2,"minecraft:time_since_death":59879,"minecraft:climb_one_cm":3787,"minecraft:sprint_one_cm":727832,"minecraft:walk_one_cm":1564121,"minecraft:drop":38,"minecraft:talked_to_villager":29,"minecraft:play_time":747152,"minecraft:deaths":13,"minecraft:sneak_time":5812,"minecraft:walk_under_water_one_cm":23120,"minecraft:boat_one_cm":67631,"minecraft:jump":7329,"minecraft:walk_on_water_one_cm":38265,"minecraft:enchant_item":1,"minecraft:total_world_time":747152,"minecraft:interact_with_furnace":59,"minecraft:traded_with_villager":3,"minecraft:sleep_in_bed":44,"minecraft:time_since_rest":11160,"minecraft:damage_taken":7143,"minecraft:damage_absorbed":240,"minecraft:damage_dealt":8570,"minecraft:swim_one_cm":37296,"minecraft:fly_one_cm":980569,"minecraft:open_chest":281,"minecraft:crouch_one_cm":13351,"minecraft:aviate_one_cm":2606,"minecraft:interact_with_smoker":5,"minecraft:fish_caught":12,"minecraft:fall_one_cm":147513},"minecraft:crafted":{"minecraft:stone_shovel":6,"minecraft:cobblestone_slab":24,"minecraft:fishing_rod":1,"minecraft:furnace":2,"minecraft:bone_meal":18,"minecraft:spruce_fence":111,"minecraft:shulker_box":1,"minecraft:glass":276,"minecraft:hopper":4,"minecraft:iron_boots":1,"minecraft:iron_axe":1,"minecraft:ladder":6,"minecraft:stone_pickaxe":3,"minecraft:chest":23,"minecraft:spruce_boat":5,"minecraft:smoker":1,"minecraft:cooked_beef":5,"minecraft:sugar":3,"minecraft:coal_block":3,"minecraft:item_frame":1,"minecraft:emerald":3,"minecraft:crafting_table":2,"minecraft:spruce_planks":572,"minecraft:baked_potato":49,"minecraft:iron_helmet":1,"minecraft:spruce_door":3,"minecraft:fletching_table":2,"minecraft:stone_axe":1,"minecraft:white_wool":3,"minecraft:iron_chestplate":1,"minecraft:stick":252,"minecraft:iron_pickaxe":2,"minecraft:iron_ingot":18,"minecraft:iron_block":2,"minecraft:iron_shovel":1,"minecraft:iron_leggings":1,"minecraft:white_bed":1,"minecraft:pumpkin_pie":3,"minecraft:spruce_fence_gate":3,"minecraft:torch":44,"minecraft:shears":1},"minecraft:killed":{"minecraft:vex":1,"minecraft:vindicator":1,"minecraft:spider":3,"minecraft:skeleton":3,"minecraft:fox":1,"minecraft:drowned":5,"minecraft:ravager":1,"minecraft:creeper":1,"minecraft:pillager":8,"minecraft:zombie":8,"minecraft:stray":1,"minecraft:enderman":5},"minecraft:mined":{"minecraft:spruce_planks":3,"minecraft:white_bed":6,"minecraft:mossy_cobblestone":3,"minecraft:shulker_box":1,"minecraft:end_stone":131,"minecraft:obsidian":7,"minecraft:carved_pumpkin":1,"minecraft:granite":18,"minecraft:grass_block":141,"minecraft:spruce_fence":47,"minecraft:spruce_leaves":91,"minecraft:large_fern":18,"minecraft:chorus_flower":8,"minecraft:spruce_sapling":4,"minecraft:iron_ore":1,"minecraft:andesite":1,"minecraft:stripped_spruce_log":4,"minecraft:pumpkin":11,"minecraft:fletching_table":2,"minecraft:peony":44,"minecraft:potatoes":46,"minecraft:cobblestone_slab":3,"minecraft:chorus_plant":11,"minecraft:stone":377,"minecraft:glass_pane":7,"minecraft:smoker":1,"minecraft:spruce_door":1,"minecraft:clay":1,"minecraft:crafting_table":2,"minecraft:short_grass":9,"minecraft:poppy":1,"minecraft:chest":10,"minecraft:lectern":2,"minecraft:glass":11,"minecraft:cobblestone":80,"minecraft:sugar_cane":45,"minecraft:oak_planks":2,"minecraft:diorite":32,"minecraft:blue_bed":4,"minecraft:wall_torch":2,"minecraft:purple_bed":3,"minecraft:wheat":12,"minecraft:sweet_berry_bush":14,"minecraft:spruce_log":253,"minecraft:birch_leaves":3,"minecraft:coal_ore":61,"minecraft:gravel":37,"minecraft:sand":555,"minecraft:dirt":365,"minecraft:spruce_fence_gate":1,"minecraft:oak_leaves":3,"minecraft:fern":16},"minecraft:used":{"minecraft:peony":59,"minecraft:iron_shovel":251,"minecraft:stone_shovel":717,"minecraft:poppy":1,"minecraft:diamond_hoe":51,"minecraft:chest":28,"minecraft:spruce_planks":7,"minecraft:iron_sword":31,"minecraft:spruce_leaves":2,"minecraft:torch":88,"minecraft:dirt":556,"minecraft:hopper":3,"minecraft:chorus_flower":6,"minecraft:shulker_box":1,"minecraft:spruce_fence":166,"minecraft:spruce_boat":8,"minecraft:glass":276,"minecraft:iron_axe":41,"minecraft:totem_of_undying":1,"minecraft:item_frame":6,"minecraft:sweet_berries":75,"minecraft:furnace":1,"minecraft:egg":32,"minecraft:cooked_beef":5,"minecraft:potato":61,"minecraft:wheat_seeds":27,"minecraft:water_bucket":19,"minecraft:spruce_door":4,"minecraft:chorus_fruit":1,"minecraft:stone_pickaxe":391,"minecraft:baked_potato":37,"minecraft:ender_pearl":2,"minecraft:spruce_fence_gate":4,"minecraft:sugar_cane":79,"minecraft:diamond_axe":240,"minecraft:fletching_table":3,"minecraft:blue_bed":2,"minecraft:cobblestone_slab":26,"minecraft:golden_apple":8,"minecraft:sand":2,"minecraft:crafting_table":5,"minecraft:crossbow":3,"minecraft:white_bed":6,"minecraft:smoker":1,"minecraft:end_stone":66,"minecraft:shears":5,"minecraft:spruce_log":27,"minecraft:diamond_pickaxe":206,"minecraft:bread":26,"minecraft:iron_pickaxe":165,"minecraft:lectern":1,"minecraft:spruce_sapling":56,"minecraft:stone_axe":95,"minecraft:fishing_rod":34,"minecraft:diamond_sword":216,"minecraft:purple_bed":2,"minecraft:cobblestone":115,"minecraft:bucket":19,"minecraft:pumpkin_pie":3,"minecraft:purple_carpet":1,"minecraft:bone_meal":18},"minecraft:killed_by":{"minecraft:player":2,"minecraft:vindicator":3,"minecraft:skeleton":3,"minecraft:zombie":1,"minecraft:vex":1},"minecraft:dropped":{"minecraft:bread":54,"minecraft:wheat_seeds":1,"minecraft:saddle":3,"minecraft:golden_apple":18,"minecraft:blue_bed":2,"minecraft:sweet_berries":2,"minecraft:raw_iron":1,"minecraft:totem_of_undying":2,"minecraft:white_bed":1,"minecraft:diamond_sword":2,"minecraft:potato":1,"minecraft:purple_bed":1,"minecraft:ladder":7}},"DataVersion":3700}