{"stats":{"minecraft:broken":{"minecraft:iron_shovel":2,"minecraft:stone_pickaxe":3,"minecraft:stone_shovel":5},"minecraft:used":{"minecraft:peony":59,"minecraft:iron_shovel":713,"minecraft:diamond_hoe":51,"minecraft:poppy":1,"minecraft:chest":28,"minecraft:iron_sword":31,"minecraft:spruce_leaves":2,"minecraft:lily_of_the_valley":2,"minecraft:spruce_boat":8,"minecraft:glass":276,"minecraft:item_frame":6,"minecraft:sweet_berries":90,"minecraft:furnace":1,"minecraft:egg":32,"minecraft:potato":76,"minecraft:spruce_door":4,"minecraft:chorus_fruit":2,"minecraft:stone_pickaxe":391,"minecraft:ender_pearl":2,"minecraft:blue_bed":2,"minecraft:diamond_axe":258,"minecraft:sugar_cane":81,"minecraft:golden_apple":8,"minecraft:sand":2,"minecraft:crossbow":3,"minecraft:shears":5,"minecraft:end_stone":66,"minecraft:bread":26,"minecraft:lectern":1,"minecraft:diamond_sword":313,"minecraft:bone_meal":30,"minecraft:stone_shovel":717,"minecraft:spruce_planks":9,"minecraft:torch":97,"minecraft:dirt":724,"minecraft:chorus_flower":6,"minecraft:hopper":3,"minecraft:shulker_box":2,"minecraft:spruce_fence":166,"minecraft:iron_axe":41,"minecraft:totem_of_undying":1,"minecraft:cooked_beef":5,"minecraft:wheat_seeds":42,"minecraft:water_bucket":25,"minecraft:baked_potato":49,"minecraft:fletching_table":3,"minecraft:cobblestone_slab":26,"minecraft:spruce_fence_gate":4,"minecraft:crafting_table":5,"minecraft:white_bed":6,"minecraft:spruce_log":27,"minecraft:smoker":1,"minecraft:diamond_pickaxe":279,"minecraft:iron_pickaxe":165,"minecraft:spruce_sapling":64,"minecraft:stone_axe":95,"minecraft:fishing_rod":34,"minecraft:cobblestone":115,"minecraft:purple_bed":2,"minecraft:bucket":26,"minecraft:pumpkin_pie":3,"minecraft:purple_carpet":1},"minecraft:killed_by":{"minecraft:vindicator":3,"minecraft:zombie":1,"minecraft:vex":1,"minecraft:player":2,"minecraft:skeleton":3},"minecraft:custom":{"minecraft:animals_bred":1,"minecraft:interact_with_crafting_table":76,"minecraft:open_shulker_box":11,"minecraft:leave_game":3,"minecraft:time_since_death":187753,"minecraft:sprint_one_cm":915602,"minecraft:drop":42,"minecraft:talked_to_villager":29,"minecraft:play_time":875026,"minecraft:deaths":13,"minecraft:jump":8717,"minecraft:walk_on_water_one_cm":53591,"minecraft:enchant_item":2,"minecraft:interact_with_furnace":61,"minecraft:traded_with_villager":3,"minecraft:sleep_in_bed":53,"minecraft:damage_dealt":10854,"minecraft:crouch_one_cm":14518,"minecraft:interact_with_smoker":5,"minecraft:mob_kills":59,"minecraft:climb_one_cm":4180,"minecraft:walk_one_cm":1835455,"minecraft:sneak_time":6188,"minecraft:walk_under_water_one_cm":30147,"minecraft:boat_one_cm":67631,"minecraft:total_world_time":875026,"minecraft:time_since_rest":8245,"minecraft:damage_absorbed":240,"minecraft:damage_taken":7700,"minecraft:swim_one_cm":46681,"minecraft:fly_one_cm":1181102,"minecraft:open_chest":375,"minecraft:aviate_one_cm":2606,"minecraft:fish_caught":12,"minecraft:fall_one_cm":171021},"minecraft:mined":{"minecraft:spruce_planks":3,"minecraft:white_bed":6,"minecraft:obsidian":14,"minecraft:carved_pumpkin":1,"minecraft:granite":18,"minecraft:grass_block":293,"minecraft:chorus_flower":21,"minecraft:iron_ore":20,"minecraft:pumpkin":11,"minecraft:moss_carpet":1,"minecraft:fletching_table":2,"minecraft:dirt_path":16,"minecraft:azalea":1,"minecraft:smoker":1,"minecraft:clay":6,"minecraft:poppy":9,"minecraft:chest":10,"minecraft:glass":13,"minecraft:cobblestone":80,"minecraft:sugar_cane":122,"minecraft:oak_planks":2,"minecraft:wall_torch":5,"minecraft:wheat":27,"minecraft:lilac":11,"minecraft:sand":555,"minecraft:dirt":683,"minecraft:oak_leaves":9,"minecraft:mossy_cobblestone":3,"minecraft:end_stone":131,"minecraft:shulker_box":1,"minecraft:spruce_fence":48,"minecraft:spruce_leaves":116,"minecraft:kelp":3,"minecraft:moss_block":5,"minecraft:rooted_dirt":35,"minecraft:large_fern":19,"minecraft:spruce_sapling":4,"minecraft:andesite":1,"minecraft:stripped_spruce_log":4,"minecraft:peony":44,"minecraft:potatoes":61,"minecraft:cobblestone_slab":3,"minecraft:deepslate_iron_ore":1,"minecraft:chorus_plant":20,"minecraft:stone":387,"minecraft:flowering_azalea":5,"minecraft:glass_pane":7,"minecraft:lily_of_the_valley":4,"minecraft:dandelion":3,"minecraft:spruce_door":1,"minecraft:crafting_table":2,"minecraft:short_grass":38,"minecraft:lectern":2,"minecraft:copper_ore":4,"minecraft:tall_grass":17,"minecraft:blue_bed":4,"minecraft:diorite":32,"minecraft:big_dripleaf":2,"minecraft:purple_bed":3,"minecraft:sweet_berry_bush":15,"minecraft:spruce_log":271,"minecraft:birch_leaves":6,"minecraft:coal_ore":61,"minecraft:gravel":37,"minecraft:spruce_fence_gate":1,"minecraft:small_dripleaf":1,"minecraft:gold_ore":5,"minecraft:fern":16},"minecraft:dropped":{"minecraft:saddle":3,"minecraft:blue_bed":2,"minecraft:white_bed":1,"minecraft:ladder":7,"minecraft:bread":54,"minecraft:wheat_seeds":1,"minecraft:golden_apple":18,"minecraft:sweet_berries":2,"minecraft:raw_iron":1,"minecraft:totem_of_undying":2,"minecraft:lily_of_the_valley":2,"minecraft:diamond_sword":2,"minecraft:potato":1,"minecraft:diamond_pickaxe":2,"minecraft:purple_bed":1},"minecraft:crafted":{"minecraft:cobblestone_slab":24,"minecraft:shulker_box":1,"minecraft:glass":276,"minecraft:hopper":4,"minecraft:iron_boots":1,"minecraft:chest":23,"minecraft:smoker":1,"minecraft:item_frame":1,"minecraft:emerald":3,"minecraft:crafting_table":2,"minecraft:spruce_planks":572,"minecraft:baked_potato":49,"minecraft:iron_helmet":1,"minecraft:spruce_door":3,"minecraft:fletching_table":2,"minecraft:iron_chestplate":1,"minecraft:stick":252,"minecraft:iron_ingot":18,"minecraft:iron_pickaxe":2,"minecraft:iron_block":2,"minecraft:spruce_fence_gate":3,"minecraft:shears":1,"minecraft:stone_shovel":6,"minecraft:fishing_rod":1,"minecraft:tripwire_hook":6,"minecraft:furnace":2,"minecraft:bone_meal":45,"minecraft:spruce_fence":111,"minecraft:iron_axe":1,"minecraft:ladder":6,"minecraft:stone_pickaxe":3,"minecraft:spruce_boat":5,"minecraft:dark_oak_planks":12,"minecraft:cooked_beef":5,"minecraft:coal_block":3,"minecraft:sugar":3,"minecraft:red_dye":2,"minecraft:crossbow":4,"minecraft:stone_axe":1,"minecraft:white_wool":6,"minecraft:white_dye":2,"minecraft:iron_shovel":5,"minecraft:iron_leggings":1,"minecraft:white_bed":2,"minecraft:pumpkin_pie":3,"minecraft:torch":44},"minecraft:killed":{"minecraft:spider":5,"minecraft:skeleton":5,"minecraft:fox":1,"minecraft:tropical_fish":1,"minecraft:creeper":1,"minecraft:pillager":8,"minecraft:zombie":15,"minecraft:stray":1,"minecraft:cow":1,"minecraft:vex":1,"minecraft:vindicator":1,"minecraft:drowned":5,"minecraft:ravager":1,"minecraft:enderman":5},"minecraft:picked_up":{"minecraft:shulker_shell":8,"minecraft:wheat":27,"minecraft:lead":1,"minecraft:diamond_sword":3,"minecraft:potion":1,"minecraft:brewing_stand":2,"minecraft:string":5,"minecraft:raw_copper":10,"minecraft:pufferfish":1,"minecraft:shroomlight":4,"minecraft:diamond_leggings":1,"minecraft:spruce_planks":123,"minecraft:cobblestone_slab":4,"minecraft:ender_eye":1,"minecraft:azalea":2,"minecraft:golden_helmet":1,"minecraft:stick":34,"minecraft:big_dripleaf":6,"minecraft:torch":65,"minecraft:purpur_pillar":3,"minecraft:spruce_stairs":2,"minecraft:diorite":32,"minecraft:golden_chestplate":1,"minecraft:rotten_flesh":31,"minecraft:tropical_fish":6,"minecraft:carved_pumpkin":1,"minecraft:end_rod":3,"minecraft:chorus_flower":20,"minecraft:obsidian":14,"minecraft:cod":7,"minecraft:cobblestone":515,"minecraft:cooked_beef":3,"minecraft:leather_chestplate":1,"minecraft:feather":3,"minecraft:lilac":11,"minecraft:andesite":8,"minecraft:smoker":1,"minecraft:potato":229,"minecraft:flint":4,"minecraft:dirt":1101,"minecraft:purple_carpet":4,"minecraft:bone":40,"minecraft:wheat_seeds":81,"minecraft:raw_gold":5,"minecraft:rabbit":1,"minecraft:fletching_table":2,"minecraft:diamond_helmet":1,"minecraft:moss_block":5,"minecraft:oak_planks":13,"minecraft:poisonous_potato":1,"minecraft:sand":555,"minecraft:stripped_spruce_log":4,"minecraft:lily_of_the_valley":6,"minecraft:shulker_box":1,"minecraft:dark_oak_log":3,"minecraft:mossy_cobblestone":2,"minecraft:spruce_fence_gate":1,"minecraft:sugar":2,"minecraft:diamond":8,"minecraft:spruce_boat":3,"minecraft:crossbow":2,"minecraft:granite":18,"minecraft:golden_apple":51,"minecraft:emerald":4,"minecraft:chainmail_helmet":6,"minecraft:bread":96,"minecraft:rooted_dirt":35,"minecraft:oak_sapling":1,"minecraft:chorus_fruit":107,"minecraft:dark_oak_fence":3,"minecraft:diamond_pickaxe":3,"minecraft:end_stone_bricks":2,"minecraft:spruce_leaves":4,"minecraft:crafting_table":3,"minecraft:chicken":3,"minecraft:ladder":3,"minecraft:clay_ball":24,"minecraft:dragon_head":1,"minecraft:moss_carpet":2,"minecraft:elytra":1,"minecraft:iron_axe":1,"minecraft:item_frame":6,"minecraft:poppy":11,"minecraft:lectern":2,"minecraft:sugar_cane":220,"minecraft:chest":10,"minecraft:diamond_hoe":2,"minecraft:egg":15,"minecraft:raw_iron":21,"minecraft:end_stone":131,"minecraft:copper_ingot":1,"minecraft:spruce_fence":48,"minecraft:carrot":1,"minecraft:redstone":3,"minecraft:arrow":8,"minecraft:diamond_chestplate":1,"minecraft:beetroot_seeds":4,"minecraft:peony":74,"minecraft:diamond_boots":2,"minecraft:purpur_slab":3,"minecraft:saddle":8,"minecraft:totem_of_undying":3,"minecraft:glow_berries":1,"minecraft:salmon":49,"minecraft:leather":3,"minecraft:crimson_fungus":1,"minecraft:purpur_stairs":1,"minecraft:cobblestone_wall":3,"minecraft:gunpowder":2,"minecraft:cobblestone_stairs":1,"minecraft:blue_bed":4,"minecraft:white_banner":3,"minecraft:red_carpet":3,"minecraft:kelp":3,"minecraft:warped_stem":4,"minecraft:iron_ingot":34,"minecraft:stone_pickaxe":2,"minecraft:glass_bottle":1,"minecraft:iron_sword":1,"minecraft:flowering_azalea":5,"minecraft:warped_fungus":1,"minecraft:pumpkin":10,"minecraft:sweet_berries":304,"minecraft:quartz":20,"minecraft:dandelion":3,"minecraft:gravel":33,"minecraft:spruce_sapling":64,"minecraft:spruce_log":266,"minecraft:white_bed":6,"minecraft:spider_eye":3,"minecraft:spruce_door":1,"minecraft:leather_helmet":1,"minecraft:pumpkin_seeds":4,"minecraft:purple_bed":3,"minecraft:stone_axe":1,"minecraft:diamond_axe":1,"minecraft:melon_seeds":4,"minecraft:warped_nylium":4,"minecraft:coal":75,"minecraft:ender_pearl":3}},"DataVersion":3700}