{"stats":{"minecraft:mined":{"minecraft:spruce_planks":2,"minecraft:white_bed":4,"minecraft:mossy_cobblestone":3,"minecraft:end_stone":131,"minecraft:carved_pumpkin":1,"minecraft:obsidian":7,"minecraft:granite":18,"minecraft:spruce_fence":42,"minecraft:grass_block":141,"minecraft:spruce_leaves":83,"minecraft:chorus_flower":8,"minecraft:large_fern":18,"minecraft:spruce_sapling":4,"minecraft:iron_ore":1,"minecraft:andesite":1,"minecraft:stripped_spruce_log":4,"minecraft:pumpkin":11,"minecraft:fletching_table":2,"minecraft:peony":44,"minecraft:potatoes":46,"minecraft:cobblestone_slab":3,"minecraft:chorus_plant":11,"minecraft:stone":377,"minecraft:glass_pane":7,"minecraft:smoker":1,"minecraft:spruce_door":1,"minecraft:crafting_table":2,"minecraft:clay":1,"minecraft:short_grass":6,"minecraft:poppy":1,"minecraft:chest":10,"minecraft:lectern":2,"minecraft:glass":11,"minecraft:cobblestone":80,"minecraft:sugar_cane":45,"minecraft:oak_planks":2,"minecraft:blue_bed":4,"minecraft:diorite":32,"minecraft:wall_torch":2,"minecraft:purple_bed":3,"minecraft:wheat":12,"minecraft:sweet_berry_bush":14,"minecraft:spruce_log":253,"minecraft:birch_leaves":3,"minecraft:coal_ore":61,"minecraft:sand":555,"minecraft:gravel":37,"minecraft:dirt":351,"minecraft:spruce_fence_gate":1,"minecraft:oak_leaves":3,"minecraft:fern":15},"minecraft:picked_up":{"minecraft:shulker_shell":8,"minecraft:crafting_table":3,"minecraft:wheat":12,"minecraft:ladder":3,"minecraft:chicken":3,"minecraft:clay_ball":4,"minecraft:lead":1,"minecraft:diamond_sword":1,"minecraft:potion":1,"minecraft:dragon_head":1,"minecraft:brewing_stand":2,"minecraft:string":2,"minecraft:elytra":1,"minecraft:iron_axe":1,"minecraft:item_frame":6,"minecraft:pufferfish":1,"minecraft:shroomlight":4,"minecraft:diamond_leggings":1,"minecraft:spruce_planks":7,"minecraft:cobblestone_slab":4,"minecraft:ender_eye":1,"minecraft:poppy":1,"minecraft:lectern":2,"minecraft:sugar_cane":80,"minecraft:chest":10,"minecraft:diamond_hoe":2,"minecraft:egg":15,"minecraft:golden_helmet":1,"minecraft:stick":27,"minecraft:raw_iron":1,"minecraft:end_stone":131,"minecraft:copper_ingot":1,"minecraft:torch":62,"minecraft:purpur_pillar":3,"minecraft:spruce_stairs":2,"minecraft:spruce_fence":42,"minecraft:diorite":32,"minecraft:carrot":1,"minecraft:golden_chestplate":1,"minecraft:diamond_chestplate":1,"minecraft:arrow":4,"minecraft:rotten_flesh":17,"minecraft:beetroot_seeds":4,"minecraft:peony":74,"minecraft:diamond_boots":2,"minecraft:purpur_slab":3,"minecraft:carved_pumpkin":1,"minecraft:chorus_flower":7,"minecraft:end_rod":3,"minecraft:obsidian":7,"minecraft:cod":7,"minecraft:cobblestone":441,"minecraft:leather_chestplate":1,"minecraft:feather":3,"minecraft:salmon":4,"minecraft:andesite":8,"minecraft:leather":2,"minecraft:smoker":1,"minecraft:potato":169,"minecraft:flint":4,"minecraft:crimson_fungus":1,"minecraft:purpur_stairs":1,"minecraft:gunpowder":2,"minecraft:cobblestone_stairs":1,"minecraft:blue_bed":4,"minecraft:dirt":582,"minecraft:purple_carpet":4,"minecraft:red_carpet":3,"minecraft:bone":31,"minecraft:wheat_seeds":37,"minecraft:warped_stem":4,"minecraft:iron_ingot":30,"minecraft:stone_pickaxe":2,"minecraft:glass_bottle":1,"minecraft:fletching_table":2,"minecraft:diamond_helmet":1,"minecraft:oak_planks":13,"minecraft:iron_sword":1,"minecraft:warped_fungus":1,"minecraft:pumpkin":10,"minecraft:sweet_berries":302,"minecraft:poisonous_potato":1,"minecraft:gravel":33,"minecraft:sand":555,"minecraft:stripped_spruce_log":4,"minecraft:spruce_sapling":36,"minecraft:white_bed":4,"minecraft:spruce_log":248,"minecraft:leather_helmet":1,"minecraft:spider_eye":1,"minecraft:spruce_door":1,"minecraft:mossy_cobblestone":2,"minecraft:spruce_fence_gate":1,"minecraft:pumpkin_seeds":4,"minecraft:purple_bed":3,"minecraft:diamond":8,"minecraft:spruce_boat":3,"minecraft:stone_axe":1,"minecraft:granite":18,"minecraft:diamond_axe":1,"minecraft:golden_apple":45,"minecraft:bread":96,"minecraft:chainmail_helmet":6,"minecraft:melon_seeds":4,"minecraft:oak_sapling":1,"minecraft:chorus_fruit":68,"minecraft:warped_nylium":4,"minecraft:coal":75,"minecraft:end_stone_bricks":2,"minecraft:ender_pearl":3,"minecraft:diamond_pickaxe":1},"minecraft:broken":{"minecraft:iron_shovel":1,"minecraft:stone_pickaxe":3,"minecraft:stone_shovel":5},"minecraft:killed_by":{"minecraft:player":1,"minecraft:skeleton":2},"minecraft:crafted":{"minecraft:cobblestone_slab":24,"minecraft:stone_shovel":6,"minecraft:fishing_rod":1,"minecraft:furnace":2,"minecraft:bone_meal":18,"minecraft:spruce_fence":111,"minecraft:shulker_box":1,"minecraft:glass":276,"minecraft:hopper":4,"minecraft:iron_boots":1,"minecraft:iron_axe":1,"minecraft:ladder":6,"minecraft:stone_pickaxe":3,"minecraft:chest":23,"minecraft:spruce_boat":5,"minecraft:smoker":1,"minecraft:cooked_beef":5,"minecraft:sugar":3,"minecraft:coal_block":3,"minecraft:item_frame":1,"minecraft:emerald":3,"minecraft:baked_potato":49,"minecraft:crafting_table":2,"minecraft:spruce_planks":572,"minecraft:iron_helmet":1,"minecraft:spruce_door":3,"minecraft:fletching_table":2,"minecraft:stone_axe":1,"minecraft:iron_chestplate":1,"minecraft:stick":252,"minecraft:iron_ingot":18,"minecraft:iron_pickaxe":2,"minecraft:iron_block":2,"minecraft:iron_shovel":1,"minecraft:iron_leggings":1,"minecraft:pumpkin_pie":3,"minecraft:spruce_fence_gate":3,"minecraft:torch":44,"minecraft:shears":1},"minecraft:custom":{"minecraft:mob_kills":23,"minecraft:animals_bred":1,"minecraft:interact_with_crafting_table":67,"minecraft:leave_game":2,"minecraft:time_since_death":417641,"minecraft:climb_one_cm":3759,"minecraft:sprint_one_cm":535119,"minecraft:walk_one_cm":1349763,"minecraft:drop":29,"minecraft:talked_to_villager":29,"minecraft:play_time":633241,"minecraft:deaths":6,"minecraft:sneak_time":4196,"minecraft:walk_under_water_one_cm":19362,"minecraft:boat_one_cm":67631,"minecraft:jump":5361,"minecraft:walk_on_water_one_cm":32767,"minecraft:enchant_item":1,"minecraft:total_world_time":633241,"minecraft:interact_with_furnace":59,"minecraft:traded_with_villager":3,"minecraft:sleep_in_bed":41,"minecraft:time_since_rest":0,"minecraft:damage_taken":3165,"minecraft:damage_absorbed":83,"minecraft:damage_dealt":5096,"minecraft:swim_one_cm":37296,"minecraft:fly_one_cm":618552,"minecraft:open_chest":254,"minecraft:crouch_one_cm":10328,"minecraft:aviate_one_cm":53,"minecraft:fish_caught":12,"minecraft:interact_with_smoker":5,"minecraft:fall_one_cm":92459},"minecraft:used":{"minecraft:peony":59,"minecraft:iron_shovel":251,"minecraft:stone_shovel":717,"minecraft:diamond_hoe":51,"minecraft:chest":27,"minecraft:spruce_planks":4,"minecraft:iron_sword":31,"minecraft:torch":88,"minecraft:dirt":479,"minecraft:chorus_flower":6,"minecraft:hopper":3,"minecraft:spruce_fence":166,"minecraft:spruce_boat":8,"minecraft:glass":276,"minecraft:iron_axe":41,"minecraft:item_frame":6,"minecraft:sweet_berries":75,"minecraft:furnace":1,"minecraft:egg":32,"minecraft:cooked_beef":5,"minecraft:potato":61,"minecraft:wheat_seeds":27,"minecraft:water_bucket":19,"minecraft:spruce_door":4,"minecraft:chorus_fruit":1,"minecraft:stone_pickaxe":391,"minecraft:ender_pearl":2,"minecraft:fletching_table":3,"minecraft:blue_bed":2,"minecraft:cobblestone_slab":26,"minecraft:spruce_fence_gate":4,"minecraft:diamond_axe":235,"minecraft:sugar_cane":79,"minecraft:golden_apple":6,"minecraft:sand":2,"minecraft:crafting_table":5,"minecraft:smoker":1,"minecraft:white_bed":4,"minecraft:end_stone":66,"minecraft:shears":1,"minecraft:spruce_log":27,"minecraft:diamond_pickaxe":206,"minecraft:bread":26,"minecraft:iron_pickaxe":165,"minecraft:lectern":1,"minecraft:spruce_sapling":56,"minecraft:stone_axe":95,"minecraft:fishing_rod":34,"minecraft:diamond_sword":86,"minecraft:cobblestone":51,"minecraft:purple_bed":2,"minecraft:bucket":19,"minecraft:pumpkin_pie":3,"minecraft:purple_carpet":1,"minecraft:bone_meal":18},"minecraft:killed":{"minecraft:spider":2,"minecraft:skeleton":2,"minecraft:fox":1,"minecraft:drowned":5,"minecraft:creeper":1,"minecraft:zombie":3,"minecraft:enderman":5},"minecraft:dropped":{"minecraft:bread":54,"minecraft:wheat_seeds":1,"minecraft:golden_apple":18,"minecraft:blue_bed":2,"minecraft:raw_iron":1,"minecraft:white_bed":1,"minecraft:potato":1,"minecraft:purple_bed":1,"minecraft:ladder":7}},"DataVersion":3700}