{"stats":{"minecraft:mined":{"minecraft:spruce_planks":2,"minecraft:white_bed":4,"minecraft:mossy_cobblestone":3,"minecraft:granite":16,"minecraft:spruce_fence":38,"minecraft:grass_block":137,"minecraft:spruce_leaves":51,"minecraft:large_fern":13,"minecraft:iron_ore":1,"minecraft:andesite":1,"minecraft:pumpkin":11,"minecraft:fletching_table":2,"minecraft:peony":41,"minecraft:potatoes":21,"minecraft:cobblestone_slab":3,"minecraft:stone":373,"minecraft:glass_pane":7,"minecraft:smoker":1,"minecraft:spruce_door":1,"minecraft:crafting_table":2,"minecraft:clay":1,"minecraft:short_grass":5,"minecraft:poppy":1,"minecraft:chest":10,"minecraft:lectern":2,"minecraft:glass":10,"minecraft:cobblestone":80,"minecraft:sugar_cane":14,"minecraft:oak_planks":2,"minecraft:blue_bed":4,"minecraft:diorite":31,"minecraft:wall_torch":2,"minecraft:purple_bed":3,"minecraft:wheat":6,"minecraft:sweet_berry_bush":7,"minecraft:spruce_log":149,"minecraft:birch_leaves":3,"minecraft:coal_ore":61,"minecraft:sand":555,"minecraft:gravel":37,"minecraft:dirt":347,"minecraft:spruce_fence_gate":1,"minecraft:oak_leaves":3,"minecraft:fern":14},"minecraft:picked_up":{"minecraft:crafting_table":3,"minecraft:wheat":6,"minecraft:ladder":3,"minecraft:chicken":3,"minecraft:clay_ball":4,"minecraft:lead":1,"minecraft:diamond_sword":1,"minecraft:string":2,"minecraft:iron_axe":1,"minecraft:item_frame":6,"minecraft:shroomlight":4,"minecraft:diamond_leggings":1,"minecraft:spruce_planks":7,"minecraft:cobblestone_slab":4,"minecraft:ender_eye":1,"minecraft:poppy":1,"minecraft:lectern":2,"minecraft:sugar_cane":26,"minecraft:chest":10,"minecraft:diamond_hoe":2,"minecraft:egg":14,"minecraft:stick":15,"minecraft:raw_iron":1,"minecraft:copper_ingot":1,"minecraft:torch":62,"minecraft:spruce_stairs":2,"minecraft:spruce_fence":38,"minecraft:diorite":31,"minecraft:diamond_chestplate":1,"minecraft:arrow":2,"minecraft:rotten_flesh":8,"minecraft:peony":45,"minecraft:diamond_boots":1,"minecraft:cobblestone":437,"minecraft:leather_chestplate":1,"minecraft:feather":3,"minecraft:andesite":8,"minecraft:leather":2,"minecraft:smoker":1,"minecraft:potato":81,"minecraft:flint":4,"minecraft:crimson_fungus":1,"minecraft:cobblestone_stairs":1,"minecraft:blue_bed":4,"minecraft:dirt":518,"minecraft:purple_carpet":4,"minecraft:red_carpet":3,"minecraft:bone":2,"minecraft:wheat_seeds":20,"minecraft:warped_stem":4,"minecraft:iron_ingot":30,"minecraft:stone_pickaxe":2,"minecraft:fletching_table":2,"minecraft:diamond_helmet":1,"minecraft:oak_planks":13,"minecraft:iron_sword":1,"minecraft:warped_fungus":1,"minecraft:pumpkin":10,"minecraft:sweet_berries":243,"minecraft:poisonous_potato":1,"minecraft:gravel":33,"minecraft:sand":555,"minecraft:spruce_sapling":7,"minecraft:white_bed":4,"minecraft:spruce_log":142,"minecraft:leather_helmet":1,"minecraft:spider_eye":1,"minecraft:spruce_door":1,"minecraft:mossy_cobblestone":2,"minecraft:spruce_fence_gate":1,"minecraft:purple_bed":3,"minecraft:spruce_boat":3,"minecraft:stone_axe":1,"minecraft:granite":16,"minecraft:diamond_axe":1,"minecraft:golden_apple":32,"minecraft:bread":96,"minecraft:chainmail_helmet":6,"minecraft:oak_sapling":1,"minecraft:warped_nylium":4,"minecraft:coal":75,"minecraft:diamond_pickaxe":1},"minecraft:broken":{"minecraft:iron_shovel":1,"minecraft:stone_pickaxe":3,"minecraft:stone_shovel":5},"minecraft:killed_by":{"minecraft:player":1,"minecraft:skeleton":2},"minecraft:crafted":{"minecraft:cobblestone_slab":24,"minecraft:stone_shovel":6,"minecraft:furnace":1,"minecraft:spruce_fence":33,"minecraft:glass":276,"minecraft:hopper":4,"minecraft:iron_boots":1,"minecraft:iron_axe":1,"minecraft:ladder":6,"minecraft:stone_pickaxe":3,"minecraft:chest":21,"minecraft:spruce_boat":5,"minecraft:cooked_beef":5,"minecraft:sugar":3,"minecraft:coal_block":3,"minecraft:item_frame":1,"minecraft:emerald":3,"minecraft:crafting_table":2,"minecraft:spruce_planks":440,"minecraft:iron_helmet":1,"minecraft:spruce_door":3,"minecraft:fletching_table":2,"minecraft:stone_axe":1,"minecraft:iron_chestplate":1,"minecraft:stick":172,"minecraft:iron_ingot":18,"minecraft:iron_pickaxe":2,"minecraft:iron_block":2,"minecraft:iron_shovel":1,"minecraft:iron_leggings":1,"minecraft:pumpkin_pie":3,"minecraft:spruce_fence_gate":1,"minecraft:torch":44,"minecraft:shears":1},"minecraft:custom":{"minecraft:mob_kills":12,"minecraft:animals_bred":1,"minecraft:interact_with_crafting_table":57,"minecraft:leave_game":2,"minecraft:time_since_death":243866,"minecraft:climb_one_cm":3759,"minecraft:sprint_one_cm":362148,"minecraft:walk_one_cm":1037095,"minecraft:drop":9,"minecraft:talked_to_villager":29,"minecraft:play_time":459241,"minecraft:deaths":6,"minecraft:sneak_time":3862,"minecraft:walk_under_water_one_cm":14317,"minecraft:boat_one_cm":67631,"minecraft:jump":3854,"minecraft:walk_on_water_one_cm":28792,"minecraft:total_world_time":459241,"minecraft:interact_with_furnace":56,"minecraft:traded_with_villager":3,"minecraft:sleep_in_bed":28,"minecraft:time_since_rest":27599,"minecraft:damage_taken":2863,"minecraft:damage_absorbed":21,"minecraft:damage_dealt":2258,"minecraft:swim_one_cm":31306,"minecraft:fly_one_cm":372425,"minecraft:open_chest":157,"minecraft:crouch_one_cm":10118,"minecraft:interact_with_smoker":2,"minecraft:fall_one_cm":70326},"minecraft:used":{"minecraft:peony":39,"minecraft:iron_shovel":251,"minecraft:stone_shovel":717,"minecraft:diamond_hoe":51,"minecraft:chest":27,"minecraft:spruce_planks":4,"minecraft:iron_sword":31,"minecraft:torch":72,"minecraft:dirt":410,"minecraft:hopper":3,"minecraft:spruce_fence":88,"minecraft:spruce_boat":8,"minecraft:glass":265,"minecraft:iron_axe":41,"minecraft:item_frame":6,"minecraft:sweet_berries":68,"minecraft:furnace":1,"minecraft:cooked_beef":5,"minecraft:potato":46,"minecraft:wheat_seeds":11,"minecraft:water_bucket":19,"minecraft:spruce_door":4,"minecraft:stone_pickaxe":391,"minecraft:fletching_table":3,"minecraft:blue_bed":2,"minecraft:cobblestone_slab":25,"minecraft:spruce_fence_gate":2,"minecraft:diamond_axe":98,"minecraft:sugar_cane":25,"minecraft:golden_apple":2,"minecraft:sand":2,"minecraft:crafting_table":5,"minecraft:white_bed":4,"minecraft:spruce_log":13,"minecraft:diamond_pickaxe":39,"minecraft:bread":16,"minecraft:iron_pickaxe":165,"minecraft:lectern":1,"minecraft:stone_axe":95,"minecraft:diamond_sword":19,"minecraft:cobblestone":51,"minecraft:purple_bed":2,"minecraft:bucket":19,"minecraft:pumpkin_pie":3,"minecraft:purple_carpet":1},"minecraft:killed":{"minecraft:spider":2,"minecraft:skeleton":2,"minecraft:fox":1,"minecraft:drowned":5,"minecraft:zombie":2},"minecraft:dropped":{"minecraft:wheat_seeds":1,"minecraft:blue_bed":2,"minecraft:raw_iron":1,"minecraft:white_bed":1,"minecraft:purple_bed":1,"minecraft:ladder":7}},"DataVersion":3700}