{"stats":{"minecraft:custom":{"minecraft:jump":64,"minecraft:time_since_rest":2958,"minecraft:damage_dealt":230,"minecraft:sprint_one_cm":3445,"minecraft:leave_game":1,"minecraft:play_time":2958,"minecraft:time_since_death":2958,"minecraft:walk_one_cm":914,"minecraft:sneak_time":15,"minecraft:total_world_time":2958,"minecraft:mob_kills":1,"minecraft:fall_one_cm":2415,"minecraft:fly_one_cm":13884},"minecraft:picked_up":{"minecraft:porkchop":1},"minecraft:killed":{"minecraft:pig":1},"minecraft:mined":{"minecraft:short_grass":1}},"DataVersion":3953}