{
  "minecraft:recipes/decorations/crafting_table": {
    "criteria": {
      "unlock_right_away": "2024-11-06 00:49:47 +0000"
    },
    "done": true
  },
  "minecraft:adventure/adventuring_time": {
    "criteria": {
      "minecraft:frozen_ocean": "2024-11-06 00:50:40 +0000",
      "minecraft:jungle": "2024-11-06 00:58:53 +0000",
      "minecraft:snowy_plains": "2024-11-06 00:50:34 +0000",
      "minecraft:snowy_beach": "2024-11-06 00:49:48 +0000",
      "minecraft:plains": "2024-11-06 00:52:12 +0000"
    },
    "done": false
  },
  "DataVersion": 3953
}